source_file,tenor_years,series_kind,pixel_x,tp
inputs/tp_10y_book.png,10,tp,153,4.318990384615384
inputs/tp_10y_book.png,10,tp,154,4.318990384615384
inputs/tp_10y_book.png,10,tp,155,4.318990384615384
inputs/tp_10y_book.png,10,tp,156,4.318990384615384
inputs/tp_10y_book.png,10,tp,157,4.312620192307692
inputs/tp_10y_book.png,10,tp,158,4.3062499999999995
inputs/tp_10y_book.png,10,tp,159,4.261658653846154
inputs/tp_10y_book.png,10,tp,160,4.1979567307692305
inputs/tp_10y_book.png,10,tp,161,4.134254807692307
inputs/tp_10y_book.png,10,tp,162,4.070552884615385
inputs/tp_10y_book.png,10,tp,163,4.013221153846153
inputs/tp_10y_book.png,10,tp,164,3.9622596153846152
inputs/tp_10y_book.png,10,tp,165,3.8730769230769226
inputs/tp_10y_book.png,10,tp,166,3.7584134615384617
inputs/tp_10y_book.png,10,tp,167,3.64375
inputs/tp_10y_book.png,10,tp,168,3.5481971153846152
inputs/tp_10y_book.png,10,tp,169,3.4462740384615382
inputs/tp_10y_book.png,10,tp,170,3.4016826923076926
inputs/tp_10y_book.png,10,tp,171,3.376201923076923
inputs/tp_10y_book.png,10,tp,172,3.337980769230769
inputs/tp_10y_book.png,10,tp,173,3.3125
inputs/tp_10y_book.png,10,tp,174,3.2870192307692307
inputs/tp_10y_book.png,10,tp,175,3.2615384615384615
inputs/tp_10y_book.png,10,tp,176,3.2233173076923074
inputs/tp_10y_book.png,10,tp,177,3.1787259615384618
inputs/tp_10y_book.png,10,tp,178,3.127764423076923
inputs/tp_10y_book.png,10,tp,179,3.083173076923077
inputs/tp_10y_book.png,10,tp,180,3.0704326923076923
inputs/tp_10y_book.png,10,tp,181,3.089543269230769
inputs/tp_10y_book.png,10,tp,182,3.115024038461538
inputs/tp_10y_book.png,10,tp,183,3.146875
inputs/tp_10y_book.png,10,tp,184,3.172355769230769
inputs/tp_10y_book.png,10,tp,185,3.2042067307692306
inputs/tp_10y_book.png,10,tp,186,3.2233173076923074
inputs/tp_10y_book.png,10,tp,187,3.2296875
inputs/tp_10y_book.png,10,tp,188,3.2360576923076927
inputs/tp_10y_book.png,10,tp,189,3.2360576923076927
inputs/tp_10y_book.png,10,tp,190,3.2360576923076927
inputs/tp_10y_book.png,10,tp,191,3.2360576923076927
inputs/tp_10y_book.png,10,tp,192,3.2296875
inputs/tp_10y_book.png,10,tp,193,3.2296875
inputs/tp_10y_book.png,10,tp,194,3.2742788461538463
inputs/tp_10y_book.png,10,tp,195,3.331610576923077
inputs/tp_10y_book.png,10,tp,196,3.3889423076923073
inputs/tp_10y_book.png,10,tp,197,3.4526442307692307
inputs/tp_10y_book.png,10,tp,198,3.4844951923076923
inputs/tp_10y_book.png,10,tp,199,3.4908653846153843
inputs/tp_10y_book.png,10,tp,200,3.497235576923077
inputs/tp_10y_book.png,10,tp,201,3.497235576923077
inputs/tp_10y_book.png,10,tp,202,3.497235576923077
inputs/tp_10y_book.png,10,tp,203,3.497235576923077
inputs/tp_10y_book.png,10,tp,204,3.4908653846153843
inputs/tp_10y_book.png,10,tp,205,3.478125
inputs/tp_10y_book.png,10,tp,206,3.4399038461538463
inputs/tp_10y_book.png,10,tp,207,3.3889423076923073
inputs/tp_10y_book.png,10,tp,208,3.3507211538461537
inputs/tp_10y_book.png,10,tp,209,3.306129807692307
inputs/tp_10y_book.png,10,tp,210,3.2679086538461535
inputs/tp_10y_book.png,10,tp,211,3.255168269230769
inputs/tp_10y_book.png,10,tp,212,3.2742788461538463
inputs/tp_10y_book.png,10,tp,213,3.2933894230769227
inputs/tp_10y_book.png,10,tp,214,3.3125
inputs/tp_10y_book.png,10,tp,215,3.4016826923076926
inputs/tp_10y_book.png,10,tp,216,3.503605769230769
inputs/tp_10y_book.png,10,tp,217,3.605528846153846
inputs/tp_10y_book.png,10,tp,218,3.7074519230769227
inputs/tp_10y_book.png,10,tp,219,3.8030048076923073
inputs/tp_10y_book.png,10,tp,220,3.911298076923077
inputs/tp_10y_book.png,10,tp,221,4.108774038461538
inputs/tp_10y_book.png,10,tp,222,4.2998798076923075
inputs/tp_10y_book.png,10,tp,223,4.490985576923077
inputs/tp_10y_book.png,10,tp,224,4.682091346153846
inputs/tp_10y_book.png,10,tp,225,4.873197115384615
inputs/tp_10y_book.png,10,tp,226,5.089783653846154
inputs/tp_10y_book.png,10,tp,227,5.159855769230769
inputs/tp_10y_book.png,10,tp,228,5.166225961538461
inputs/tp_10y_book.png,10,tp,229,5.172596153846153
inputs/tp_10y_book.png,10,tp,230,5.178966346153846
inputs/tp_10y_book.png,10,tp,231,5.185336538461538
inputs/tp_10y_book.png,10,tp,232,5.191706730769231
inputs/tp_10y_book.png,10,tp,233,5.198076923076923
inputs/tp_10y_book.png,10,tp,234,5.204447115384616
inputs/tp_10y_book.png,10,tp,235,5.210817307692308
inputs/tp_10y_book.png,10,tp,236,5.210817307692308
inputs/tp_10y_book.png,10,tp,237,5.210817307692308
inputs/tp_10y_book.png,10,tp,238,5.204447115384616
inputs/tp_10y_book.png,10,tp,239,5.204447115384616
inputs/tp_10y_book.png,10,tp,240,5.191706730769231
inputs/tp_10y_book.png,10,tp,241,5.0515625
inputs/tp_10y_book.png,10,tp,242,4.930528846153846
inputs/tp_10y_book.png,10,tp,243,4.8158653846153845
inputs/tp_10y_book.png,10,tp,244,4.7075721153846155
inputs/tp_10y_book.png,10,tp,245,4.580168269230769
inputs/tp_10y_book.png,10,tp,246,4.446394230769231
inputs/tp_10y_book.png,10,tp,247,4.274399038461538
inputs/tp_10y_book.png,10,tp,248,4.121514423076922
inputs/tp_10y_book.png,10,tp,249,3.968629807692307
inputs/tp_10y_book.png,10,tp,250,3.8157451923076926
inputs/tp_10y_book.png,10,tp,251,3.6564903846153842
inputs/tp_10y_book.png,10,tp,252,3.497235576923077
inputs/tp_10y_book.png,10,tp,253,3.4844951923076923
inputs/tp_10y_book.png,10,tp,254,3.4653846153846155
inputs/tp_10y_book.png,10,tp,255,3.4526442307692307
inputs/tp_10y_book.png,10,tp,256,3.4590144230769226
inputs/tp_10y_book.png,10,tp,257,3.586418269230769
inputs/tp_10y_book.png,10,tp,258,3.713822115384615
inputs/tp_10y_book.png,10,tp,259,3.8412259615384614
inputs/tp_10y_book.png,10,tp,260,3.9813701923076925
inputs/tp_10y_book.png,10,tp,261,4.140625
inputs/tp_10y_book.png,10,tp,262,4.268028846153846
inputs/tp_10y_book.png,10,tp,263,4.280769230769231
inputs/tp_10y_book.png,10,tp,264,4.287139423076923
inputs/tp_10y_book.png,10,tp,265,4.287139423076923
inputs/tp_10y_book.png,10,tp,266,4.287139423076923
inputs/tp_10y_book.png,10,tp,267,4.287139423076923
inputs/tp_10y_book.png,10,tp,268,4.287139423076923
inputs/tp_10y_book.png,10,tp,269,4.280769230769231
inputs/tp_10y_book.png,10,tp,270,4.261658653846154
inputs/tp_10y_book.png,10,tp,271,4.242548076923077
inputs/tp_10y_book.png,10,tp,272,4.229807692307692
inputs/tp_10y_book.png,10,tp,273,4.210697115384615
inputs/tp_10y_book.png,10,tp,274,4.1915865384615385
inputs/tp_10y_book.png,10,tp,275,4.166105769230769
inputs/tp_10y_book.png,10,tp,276,4.140625
inputs/tp_10y_book.png,10,tp,277,4.11514423076923
inputs/tp_10y_book.png,10,tp,278,4.0896634615384615
inputs/tp_10y_book.png,10,tp,279,4.064182692307693
inputs/tp_10y_book.png,10,tp,280,4.038701923076923
inputs/tp_10y_book.png,10,tp,281,4.013221153846153
inputs/tp_10y_book.png,10,tp,282,3.9877403846153845
inputs/tp_10y_book.png,10,tp,283,3.968629807692307
inputs/tp_10y_book.png,10,tp,284,3.943149038461538
inputs/tp_10y_book.png,10,tp,285,3.9240384615384616
inputs/tp_10y_book.png,10,tp,286,3.8985576923076923
inputs/tp_10y_book.png,10,tp,287,3.8858173076923075
inputs/tp_10y_book.png,10,tp,288,3.8921875
inputs/tp_10y_book.png,10,tp,289,3.9240384615384616
inputs/tp_10y_book.png,10,tp,290,3.955889423076923
inputs/tp_10y_book.png,10,tp,291,3.9813701923076925
inputs/tp_10y_book.png,10,tp,292,3.994110576923077
inputs/tp_10y_book.png,10,tp,293,4.006850961538461
inputs/tp_10y_book.png,10,tp,294,4.019591346153846
inputs/tp_10y_book.png,10,tp,295,4.032331730769231
inputs/tp_10y_book.png,10,tp,296,4.045072115384615
inputs/tp_10y_book.png,10,tp,297,4.0578125
inputs/tp_10y_book.png,10,tp,298,4.083293269230769
inputs/tp_10y_book.png,10,tp,299,4.11514423076923
inputs/tp_10y_book.png,10,tp,300,4.146995192307693
inputs/tp_10y_book.png,10,tp,301,4.178846153846154
inputs/tp_10y_book.png,10,tp,302,4.210697115384615
inputs/tp_10y_book.png,10,tp,303,4.236177884615384
inputs/tp_10y_book.png,10,tp,304,4.274399038461538
inputs/tp_10y_book.png,10,tp,305,4.312620192307692
inputs/tp_10y_book.png,10,tp,306,4.350841346153846
inputs/tp_10y_book.png,10,tp,307,4.3954326923076925
inputs/tp_10y_book.png,10,tp,308,4.433653846153846
inputs/tp_10y_book.png,10,tp,309,4.465504807692307
inputs/tp_10y_book.png,10,tp,310,4.478245192307693
inputs/tp_10y_book.png,10,tp,311,4.478245192307693
inputs/tp_10y_book.png,10,tp,312,4.484615384615385
inputs/tp_10y_book.png,10,tp,313,4.484615384615385
inputs/tp_10y_book.png,10,tp,314,4.484615384615385
inputs/tp_10y_book.png,10,tp,315,4.478245192307693
inputs/tp_10y_book.png,10,tp,316,4.478245192307693
inputs/tp_10y_book.png,10,tp,317,4.471875
inputs/tp_10y_book.png,10,tp,318,4.471875
inputs/tp_10y_book.png,10,tp,319,4.471875
inputs/tp_10y_book.png,10,tp,320,4.465504807692307
inputs/tp_10y_book.png,10,tp,321,4.465504807692307
inputs/tp_10y_book.png,10,tp,322,4.452764423076923
inputs/tp_10y_book.png,10,tp,323,4.427283653846153
inputs/tp_10y_book.png,10,tp,324,4.4018028846153845
inputs/tp_10y_book.png,10,tp,325,4.369951923076923
inputs/tp_10y_book.png,10,tp,326,4.331730769230769
inputs/tp_10y_book.png,10,tp,327,4.2998798076923075
inputs/tp_10y_book.png,10,tp,328,4.268028846153846
inputs/tp_10y_book.png,10,tp,329,4.255288461538462
inputs/tp_10y_book.png,10,tp,330,4.248918269230769
inputs/tp_10y_book.png,10,tp,331,4.242548076923077
inputs/tp_10y_book.png,10,tp,332,4.229807692307692
inputs/tp_10y_book.png,10,tp,333,4.217067307692307
inputs/tp_10y_book.png,10,tp,334,4.172475961538462
inputs/tp_10y_book.png,10,tp,335,4.0960336538461535
inputs/tp_10y_book.png,10,tp,336,4.019591346153846
inputs/tp_10y_book.png,10,tp,337,3.9304086538461536
inputs/tp_10y_book.png,10,tp,338,3.834855769230769
inputs/tp_10y_book.png,10,tp,339,3.752043269230769
inputs/tp_10y_book.png,10,tp,340,3.64375
inputs/tp_10y_book.png,10,tp,341,3.5163461538461536
inputs/tp_10y_book.png,10,tp,342,3.369831730769231
inputs/tp_10y_book.png,10,tp,343,3.2042067307692306
inputs/tp_10y_book.png,10,tp,344,3.0513221153846155
inputs/tp_10y_book.png,10,tp,345,2.9111778846153844
inputs/tp_10y_book.png,10,tp,346,2.8219951923076927
inputs/tp_10y_book.png,10,tp,347,2.7901442307692306
inputs/tp_10y_book.png,10,tp,348,2.758293269230769
inputs/tp_10y_book.png,10,tp,349,2.7200721153846152
inputs/tp_10y_book.png,10,tp,350,2.6818509615384616
inputs/tp_10y_book.png,10,tp,351,2.6563701923076923
inputs/tp_10y_book.png,10,tp,352,2.65
inputs/tp_10y_book.png,10,tp,353,2.65
inputs/tp_10y_book.png,10,tp,354,2.65
inputs/tp_10y_book.png,10,tp,355,2.6436298076923075
inputs/tp_10y_book.png,10,tp,356,2.6372596153846155
inputs/tp_10y_book.png,10,tp,357,2.630889423076923
inputs/tp_10y_book.png,10,tp,358,2.605408653846154
inputs/tp_10y_book.png,10,tp,359,2.573557692307692
inputs/tp_10y_book.png,10,tp,360,2.541706730769231
inputs/tp_10y_book.png,10,tp,361,2.503485576923077
inputs/tp_10y_book.png,10,tp,362,2.4780048076923076
inputs/tp_10y_book.png,10,tp,363,2.4461538461538463
inputs/tp_10y_book.png,10,tp,364,2.4079326923076922
inputs/tp_10y_book.png,10,tp,365,2.363341346153846
inputs/tp_10y_book.png,10,tp,366,2.3123798076923077
inputs/tp_10y_book.png,10,tp,367,2.261418269230769
inputs/tp_10y_book.png,10,tp,368,2.2295673076923075
inputs/tp_10y_book.png,10,tp,369,2.2295673076923075
inputs/tp_10y_book.png,10,tp,370,2.2295673076923075
inputs/tp_10y_book.png,10,tp,371,2.2423076923076923
inputs/tp_10y_book.png,10,tp,372,2.2486778846153843
inputs/tp_10y_book.png,10,tp,373,2.2550480769230767
inputs/tp_10y_book.png,10,tp,374,2.261418269230769
inputs/tp_10y_book.png,10,tp,375,2.267788461538461
inputs/tp_10y_book.png,10,tp,376,2.267788461538461
inputs/tp_10y_book.png,10,tp,377,2.2741586538461536
inputs/tp_10y_book.png,10,tp,378,2.2741586538461536
inputs/tp_10y_book.png,10,tp,379,2.267788461538461
inputs/tp_10y_book.png,10,tp,380,2.267788461538461
inputs/tp_10y_book.png,10,tp,381,2.261418269230769
inputs/tp_10y_book.png,10,tp,382,2.2486778846153843
inputs/tp_10y_book.png,10,tp,383,2.2423076923076923
inputs/tp_10y_book.png,10,tp,384,2.2359375
inputs/tp_10y_book.png,10,tp,385,2.2295673076923075
inputs/tp_10y_book.png,10,tp,386,2.216826923076923
inputs/tp_10y_book.png,10,tp,387,2.2104567307692307
inputs/tp_10y_book.png,10,tp,388,2.191346153846154
inputs/tp_10y_book.png,10,tp,389,2.178605769230769
inputs/tp_10y_book.png,10,tp,390,2.178605769230769
inputs/tp_10y_book.png,10,tp,391,2.178605769230769
inputs/tp_10y_book.png,10,tp,392,2.1849759615384614
inputs/tp_10y_book.png,10,tp,393,2.191346153846154
inputs/tp_10y_book.png,10,tp,394,2.191346153846154
inputs/tp_10y_book.png,10,tp,395,2.191346153846154
inputs/tp_10y_book.png,10,tp,396,2.191346153846154
inputs/tp_10y_book.png,10,tp,397,2.1849759615384614
inputs/tp_10y_book.png,10,tp,398,2.1849759615384614
inputs/tp_10y_book.png,10,tp,399,2.178605769230769
inputs/tp_10y_book.png,10,tp,400,2.1722355769230766
inputs/tp_10y_book.png,10,tp,401,2.1722355769230766
inputs/tp_10y_book.png,10,tp,402,2.1658653846153846
inputs/tp_10y_book.png,10,tp,403,2.1658653846153846
inputs/tp_10y_book.png,10,tp,404,2.1658653846153846
inputs/tp_10y_book.png,10,tp,405,2.1658653846153846
inputs/tp_10y_book.png,10,tp,406,2.1658653846153846
inputs/tp_10y_book.png,10,tp,407,2.1658653846153846
inputs/tp_10y_book.png,10,tp,408,2.1658653846153846
inputs/tp_10y_book.png,10,tp,409,2.1658653846153846
inputs/tp_10y_book.png,10,tp,410,2.1658653846153846
inputs/tp_10y_book.png,10,tp,411,2.1658653846153846
inputs/tp_10y_book.png,10,tp,412,2.1722355769230766
inputs/tp_10y_book.png,10,tp,413,2.1722355769230766
inputs/tp_10y_book.png,10,tp,414,2.178605769230769
inputs/tp_10y_book.png,10,tp,415,2.1849759615384614
inputs/tp_10y_book.png,10,tp,416,2.1849759615384614
inputs/tp_10y_book.png,10,tp,417,2.191346153846154
inputs/tp_10y_book.png,10,tp,418,2.191346153846154
inputs/tp_10y_book.png,10,tp,419,2.191346153846154
inputs/tp_10y_book.png,10,tp,420,2.1849759615384614
inputs/tp_10y_book.png,10,tp,421,2.1849759615384614
inputs/tp_10y_book.png,10,tp,422,2.1722355769230766
inputs/tp_10y_book.png,10,tp,423,2.1467548076923078
inputs/tp_10y_book.png,10,tp,424,2.114903846153846
inputs/tp_10y_book.png,10,tp,425,2.089423076923077
inputs/tp_10y_book.png,10,tp,426,2.0639423076923076
inputs/tp_10y_book.png,10,tp,427,2.0384615384615383
inputs/tp_10y_book.png,10,tp,428,2.012980769230769
inputs/tp_10y_book.png,10,tp,429,1.9429086538461537
inputs/tp_10y_book.png,10,tp,430,1.885576923076923
inputs/tp_10y_book.png,10,tp,431,1.8282451923076921
inputs/tp_10y_book.png,10,tp,432,1.7772836538461536
inputs/tp_10y_book.png,10,tp,433,1.7199519230769231
inputs/tp_10y_book.png,10,tp,434,1.6944711538461537
inputs/tp_10y_book.png,10,tp,435,1.7199519230769231
inputs/tp_10y_book.png,10,tp,436,1.7518028846153846
inputs/tp_10y_book.png,10,tp,437,1.7836538461538463
inputs/tp_10y_book.png,10,tp,438,1.8091346153846153
inputs/tp_10y_book.png,10,tp,439,1.8155048076923077
inputs/tp_10y_book.png,10,tp,440,1.8155048076923077
inputs/tp_10y_book.png,10,tp,441,1.8155048076923077
inputs/tp_10y_book.png,10,tp,442,1.8155048076923077
inputs/tp_10y_book.png,10,tp,443,1.8155048076923077
inputs/tp_10y_book.png,10,tp,444,1.8091346153846153
inputs/tp_10y_book.png,10,tp,445,1.7963942307692309
inputs/tp_10y_book.png,10,tp,446,1.7836538461538463
inputs/tp_10y_book.png,10,tp,447,1.7709134615384614
inputs/tp_10y_book.png,10,tp,448,1.7518028846153846
inputs/tp_10y_book.png,10,tp,449,1.7390625
inputs/tp_10y_book.png,10,tp,450,1.7263221153846153
inputs/tp_10y_book.png,10,tp,451,1.7199519230769231
inputs/tp_10y_book.png,10,tp,452,1.7135817307692307
inputs/tp_10y_book.png,10,tp,453,1.7072115384615385
inputs/tp_10y_book.png,10,tp,454,1.7072115384615385
inputs/tp_10y_book.png,10,tp,455,1.7008413461538463
inputs/tp_10y_book.png,10,tp,456,1.6944711538461537
inputs/tp_10y_book.png,10,tp,457,1.6881009615384615
inputs/tp_10y_book.png,10,tp,458,1.6753605769230768
inputs/tp_10y_book.png,10,tp,459,1.6626201923076922
inputs/tp_10y_book.png,10,tp,460,1.6498798076923076
inputs/tp_10y_book.png,10,tp,461,1.6435096153846154
inputs/tp_10y_book.png,10,tp,462,1.6307692307692307
inputs/tp_10y_book.png,10,tp,463,1.6180288461538463
inputs/tp_10y_book.png,10,tp,464,1.5925480769230769
inputs/tp_10y_book.png,10,tp,465,1.5670673076923076
inputs/tp_10y_book.png,10,tp,466,1.5479567307692308
inputs/tp_10y_book.png,10,tp,467,1.5415865384615386
inputs/tp_10y_book.png,10,tp,468,1.554326923076923
inputs/tp_10y_book.png,10,tp,469,1.5798076923076922
inputs/tp_10y_book.png,10,tp,470,1.598918269230769
inputs/tp_10y_book.png,10,tp,471,1.6243990384615385
inputs/tp_10y_book.png,10,tp,472,1.65625
inputs/tp_10y_book.png,10,tp,473,1.6753605769230768
inputs/tp_10y_book.png,10,tp,474,1.6881009615384615
inputs/tp_10y_book.png,10,tp,475,1.6944711538461537
inputs/tp_10y_book.png,10,tp,476,1.6944711538461537
inputs/tp_10y_book.png,10,tp,477,1.7008413461538463
inputs/tp_10y_book.png,10,tp,478,1.6944711538461537
inputs/tp_10y_book.png,10,tp,479,1.6944711538461537
inputs/tp_10y_book.png,10,tp,480,1.6881009615384615
inputs/tp_10y_book.png,10,tp,481,1.65625
inputs/tp_10y_book.png,10,tp,482,1.5925480769230769
inputs/tp_10y_book.png,10,tp,483,1.5288461538461537
inputs/tp_10y_book.png,10,tp,484,1.471514423076923
inputs/tp_10y_book.png,10,tp,485,1.4014423076923077
inputs/tp_10y_book.png,10,tp,486,1.3313701923076922
inputs/tp_10y_book.png,10,tp,487,1.2804086538461539
inputs/tp_10y_book.png,10,tp,488,1.2612980769230768
inputs/tp_10y_book.png,10,tp,489,1.2358173076923076
inputs/tp_10y_book.png,10,tp,490,1.2167067307692307
inputs/tp_10y_book.png,10,tp,491,1.1912259615384615
inputs/tp_10y_book.png,10,tp,492,1.1657451923076922
inputs/tp_10y_book.png,10,tp,493,1.1402644230769232
inputs/tp_10y_book.png,10,tp,494,1.1211538461538462
inputs/tp_10y_book.png,10,tp,495,1.095673076923077
inputs/tp_10y_book.png,10,tp,496,1.0829326923076923
inputs/tp_10y_book.png,10,tp,497,1.1147836538461537
inputs/tp_10y_book.png,10,tp,498,1.1721153846153844
inputs/tp_10y_book.png,10,tp,499,1.2294471153846154
inputs/tp_10y_book.png,10,tp,500,1.2995192307692307
inputs/tp_10y_book.png,10,tp,501,1.3632211538461536
inputs/tp_10y_book.png,10,tp,502,1.4205528846153845
inputs/tp_10y_book.png,10,tp,503,1.4269230769230767
inputs/tp_10y_book.png,10,tp,504,1.4332932692307692
inputs/tp_10y_book.png,10,tp,505,1.4396634615384614
inputs/tp_10y_book.png,10,tp,506,1.4396634615384614
inputs/tp_10y_book.png,10,tp,507,1.4332932692307692
inputs/tp_10y_book.png,10,tp,508,1.4332932692307692
inputs/tp_10y_book.png,10,tp,509,1.4269230769230767
inputs/tp_10y_book.png,10,tp,510,1.4141826923076923
inputs/tp_10y_book.png,10,tp,511,1.4141826923076923
inputs/tp_10y_book.png,10,tp,512,1.4332932692307692
inputs/tp_10y_book.png,10,tp,513,1.4524038461538462
inputs/tp_10y_book.png,10,tp,514,1.471514423076923
inputs/tp_10y_book.png,10,tp,515,1.4778846153846155
inputs/tp_10y_book.png,10,tp,516,1.4842548076923077
inputs/tp_10y_book.png,10,tp,517,1.4842548076923077
inputs/tp_10y_book.png,10,tp,518,1.4842548076923077
inputs/tp_10y_book.png,10,tp,519,1.4842548076923077
inputs/tp_10y_book.png,10,tp,520,1.4842548076923077
inputs/tp_10y_book.png,10,tp,521,1.4778846153846155
inputs/tp_10y_book.png,10,tp,522,1.4906249999999999
inputs/tp_10y_book.png,10,tp,523,1.5161057692307691
inputs/tp_10y_book.png,10,tp,524,1.5415865384615386
inputs/tp_10y_book.png,10,tp,525,1.5606971153846154
inputs/tp_10y_book.png,10,tp,526,1.5861778846153844
inputs/tp_10y_book.png,10,tp,527,1.5925480769230769
inputs/tp_10y_book.png,10,tp,528,1.598918269230769
inputs/tp_10y_book.png,10,tp,529,1.598918269230769
inputs/tp_10y_book.png,10,tp,530,1.598918269230769
inputs/tp_10y_book.png,10,tp,531,1.598918269230769
inputs/tp_10y_book.png,10,tp,532,1.598918269230769
inputs/tp_10y_book.png,10,tp,533,1.6052884615384613
inputs/tp_10y_book.png,10,tp,534,1.6371394230769232
inputs/tp_10y_book.png,10,tp,535,1.6689903846153844
inputs/tp_10y_book.png,10,tp,536,1.6944711538461537
inputs/tp_10y_book.png,10,tp,537,1.7199519230769231
inputs/tp_10y_book.png,10,tp,538,1.7581730769230768
inputs/tp_10y_book.png,10,tp,539,1.8346153846153845
inputs/tp_10y_book.png,10,tp,540,1.9237980769230767
inputs/tp_10y_book.png,10,tp,541,2.0002403846153847
inputs/tp_10y_book.png,10,tp,542,2.0830528846153844
inputs/tp_10y_book.png,10,tp,543,2.1403846153846153
inputs/tp_10y_book.png,10,tp,544,2.1658653846153846
inputs/tp_10y_book.png,10,tp,545,2.191346153846154
inputs/tp_10y_book.png,10,tp,546,2.2231971153846155
inputs/tp_10y_book.png,10,tp,547,2.2486778846153843
inputs/tp_10y_book.png,10,tp,548,2.2741586538461536
inputs/tp_10y_book.png,10,tp,549,2.293269230769231
inputs/tp_10y_book.png,10,tp,550,2.3060096153846152
inputs/tp_10y_book.png,10,tp,551,2.3060096153846152
inputs/tp_10y_book.png,10,tp,552,2.3123798076923077
inputs/tp_10y_book.png,10,tp,553,2.3123798076923077
inputs/tp_10y_book.png,10,tp,554,2.3060096153846152
inputs/tp_10y_book.png,10,tp,555,2.3060096153846152
inputs/tp_10y_book.png,10,tp,556,2.2996394230769233
inputs/tp_10y_book.png,10,tp,557,2.261418269230769
inputs/tp_10y_book.png,10,tp,558,2.216826923076923
inputs/tp_10y_book.png,10,tp,559,2.159495192307692
inputs/tp_10y_book.png,10,tp,560,2.1085336538461537
inputs/tp_10y_book.png,10,tp,561,2.0448317307692307
inputs/tp_10y_book.png,10,tp,562,1.9938701923076922
inputs/tp_10y_book.png,10,tp,563,1.9110576923076923
inputs/tp_10y_book.png,10,tp,564,1.7963942307692309
inputs/tp_10y_book.png,10,tp,565,1.6753605769230768
inputs/tp_10y_book.png,10,tp,566,1.5288461538461537
inputs/tp_10y_book.png,10,tp,567,1.4014423076923077
inputs/tp_10y_book.png,10,tp,568,1.3950721153846153
inputs/tp_10y_book.png,10,tp,569,1.6116586538461537
inputs/tp_10y_book.png,10,tp,570,1.8919471153846155
inputs/tp_10y_book.png,10,tp,571,2.1722355769230766
inputs/tp_10y_book.png,10,tp,572,2.4461538461538463
inputs/tp_10y_book.png,10,tp,573,2.6627403846153843
inputs/tp_10y_book.png,10,tp,574,2.7710336538461537
inputs/tp_10y_book.png,10,tp,575,2.8665865384615383
inputs/tp_10y_book.png,10,tp,576,2.962139423076923
inputs/tp_10y_book.png,10,tp,577,3.0449519230769226
inputs/tp_10y_book.png,10,tp,578,3.1341346153846152
inputs/tp_10y_book.png,10,tp,579,3.2169471153846154
inputs/tp_10y_book.png,10,tp,580,3.299759615384615
inputs/tp_10y_book.png,10,tp,581,3.376201923076923
inputs/tp_10y_book.png,10,tp,582,3.4462740384615382
inputs/tp_10y_book.png,10,tp,583,3.5099759615384616
inputs/tp_10y_book.png,10,tp,584,3.5736778846153845
inputs/tp_10y_book.png,10,tp,585,3.662860576923077
inputs/tp_10y_book.png,10,tp,586,3.777524038461538
inputs/tp_10y_book.png,10,tp,587,3.8730769230769226
inputs/tp_10y_book.png,10,tp,588,3.968629807692307
inputs/tp_10y_book.png,10,tp,589,4.0578125
inputs/tp_10y_book.png,10,tp,590,4.146995192307693
inputs/tp_10y_book.png,10,tp,591,4.210697115384615
inputs/tp_10y_book.png,10,tp,592,4.217067307692307
inputs/tp_10y_book.png,10,tp,593,4.2234375
inputs/tp_10y_book.png,10,tp,594,4.2234375
inputs/tp_10y_book.png,10,tp,595,4.2234375
inputs/tp_10y_book.png,10,tp,596,4.2234375
inputs/tp_10y_book.png,10,tp,597,4.217067307692307
inputs/tp_10y_book.png,10,tp,598,4.210697115384615
inputs/tp_10y_book.png,10,tp,599,4.172475961538462
inputs/tp_10y_book.png,10,tp,600,4.127884615384615
inputs/tp_10y_book.png,10,tp,601,4.083293269230769
inputs/tp_10y_book.png,10,tp,602,4.045072115384615
inputs/tp_10y_book.png,10,tp,603,4.013221153846153
inputs/tp_10y_book.png,10,tp,604,3.9813701923076925
inputs/tp_10y_book.png,10,tp,605,3.9749999999999996
inputs/tp_10y_book.png,10,tp,606,4.013221153846153
inputs/tp_10y_book.png,10,tp,607,4.0578125
inputs/tp_10y_book.png,10,tp,608,4.0960336538461535
inputs/tp_10y_book.png,10,tp,609,4.121514423076922
inputs/tp_10y_book.png,10,tp,610,4.153365384615385
inputs/tp_10y_book.png,10,tp,611,4.172475961538462
inputs/tp_10y_book.png,10,tp,612,4.1979567307692305
inputs/tp_10y_book.png,10,tp,613,4.2234375
inputs/tp_10y_book.png,10,tp,614,4.242548076923077
inputs/tp_10y_book.png,10,tp,615,4.248918269230769
inputs/tp_10y_book.png,10,tp,616,4.255288461538462
inputs/tp_10y_book.png,10,tp,617,4.255288461538462
inputs/tp_10y_book.png,10,tp,618,4.255288461538462
inputs/tp_10y_book.png,10,tp,619,4.255288461538462
inputs/tp_10y_book.png,10,tp,620,4.248918269230769
inputs/tp_10y_book.png,10,tp,621,4.242548076923077
inputs/tp_10y_book.png,10,tp,622,4.236177884615384
inputs/tp_10y_book.png,10,tp,623,4.229807692307692
inputs/tp_10y_book.png,10,tp,624,4.2234375
inputs/tp_10y_book.png,10,tp,625,4.210697115384615
inputs/tp_10y_book.png,10,tp,626,4.2043269230769225
inputs/tp_10y_book.png,10,tp,627,4.1979567307692305
inputs/tp_10y_book.png,10,tp,628,4.045072115384615
inputs/tp_10y_book.png,10,tp,629,3.8221153846153846
inputs/tp_10y_book.png,10,tp,630,3.6373798076923074
inputs/tp_10y_book.png,10,tp,631,3.4590144230769226
inputs/tp_10y_book.png,10,tp,632,3.2933894230769227
inputs/tp_10y_book.png,10,tp,633,3.1022836538461536
inputs/tp_10y_book.png,10,tp,634,3.0258413461538463
inputs/tp_10y_book.png,10,tp,635,3.0131009615384614
inputs/tp_10y_book.png,10,tp,636,3.0322115384615382
inputs/tp_10y_book.png,10,tp,637,3.089543269230769
inputs/tp_10y_book.png,10,tp,638,3.115024038461538
inputs/tp_10y_book.png,10,tp,639,3.121394230769231
inputs/tp_10y_book.png,10,tp,640,3.121394230769231
inputs/tp_10y_book.png,10,tp,641,3.121394230769231
inputs/tp_10y_book.png,10,tp,642,3.121394230769231
inputs/tp_10y_book.png,10,tp,643,3.121394230769231
inputs/tp_10y_book.png,10,tp,644,3.115024038461538
inputs/tp_10y_book.png,10,tp,645,3.1022836538461536
inputs/tp_10y_book.png,10,tp,646,3.0385817307692307
inputs/tp_10y_book.png,10,tp,647,2.9812499999999997
inputs/tp_10y_book.png,10,tp,648,2.9302884615384617
inputs/tp_10y_book.png,10,tp,649,2.8793269230769227
inputs/tp_10y_book.png,10,tp,650,2.8283653846153847
inputs/tp_10y_book.png,10,tp,651,2.815625
inputs/tp_10y_book.png,10,tp,652,2.815625
inputs/tp_10y_book.png,10,tp,653,2.815625
inputs/tp_10y_book.png,10,tp,654,2.8092548076923074
inputs/tp_10y_book.png,10,tp,655,2.8092548076923074
inputs/tp_10y_book.png,10,tp,656,2.7965144230769226
inputs/tp_10y_book.png,10,tp,657,2.8028846153846154
inputs/tp_10y_book.png,10,tp,658,2.841105769230769
inputs/tp_10y_book.png,10,tp,659,2.8793269230769227
inputs/tp_10y_book.png,10,tp,660,2.9239182692307693
inputs/tp_10y_book.png,10,tp,661,3.0131009615384614
inputs/tp_10y_book.png,10,tp,662,3.0959134615384616
inputs/tp_10y_book.png,10,tp,663,3.1787259615384618
inputs/tp_10y_book.png,10,tp,664,3.2615384615384615
inputs/tp_10y_book.png,10,tp,665,3.357091346153846
inputs/tp_10y_book.png,10,tp,666,3.4590144230769226
inputs/tp_10y_book.png,10,tp,667,3.503605769230769
inputs/tp_10y_book.png,10,tp,668,3.541826923076923
inputs/tp_10y_book.png,10,tp,669,3.5736778846153845
inputs/tp_10y_book.png,10,tp,670,3.611899038461538
inputs/tp_10y_book.png,10,tp,671,3.6564903846153842
inputs/tp_10y_book.png,10,tp,672,3.7010817307692307
inputs/tp_10y_book.png,10,tp,673,3.713822115384615
inputs/tp_10y_book.png,10,tp,674,3.720192307692307
inputs/tp_10y_book.png,10,tp,675,3.7265625
inputs/tp_10y_book.png,10,tp,676,3.7265625
inputs/tp_10y_book.png,10,tp,677,3.7265625
inputs/tp_10y_book.png,10,tp,678,3.720192307692307
inputs/tp_10y_book.png,10,tp,679,3.713822115384615
inputs/tp_10y_book.png,10,tp,680,3.7010817307692307
inputs/tp_10y_book.png,10,tp,681,3.662860576923077
inputs/tp_10y_book.png,10,tp,682,3.6310096153846154
inputs/tp_10y_book.png,10,tp,683,3.605528846153846
inputs/tp_10y_book.png,10,tp,684,3.5736778846153845
inputs/tp_10y_book.png,10,tp,685,3.5673076923076925
inputs/tp_10y_book.png,10,tp,686,3.5991586538461537
inputs/tp_10y_book.png,10,tp,687,3.6373798076923074
inputs/tp_10y_book.png,10,tp,688,3.6756009615384615
inputs/tp_10y_book.png,10,tp,689,3.7265625
inputs/tp_10y_book.png,10,tp,690,3.7647836538461537
inputs/tp_10y_book.png,10,tp,691,3.777524038461538
inputs/tp_10y_book.png,10,tp,692,3.783894230769231
inputs/tp_10y_book.png,10,tp,693,3.783894230769231
inputs/tp_10y_book.png,10,tp,694,3.783894230769231
inputs/tp_10y_book.png,10,tp,695,3.783894230769231
inputs/tp_10y_book.png,10,tp,696,3.777524038461538
inputs/tp_10y_book.png,10,tp,697,3.777524038461538
inputs/tp_10y_book.png,10,tp,698,3.752043269230769
inputs/tp_10y_book.png,10,tp,699,3.720192307692307
inputs/tp_10y_book.png,10,tp,700,3.6947115384615383
inputs/tp_10y_book.png,10,tp,701,3.662860576923077
inputs/tp_10y_book.png,10,tp,702,3.6310096153846154
inputs/tp_10y_book.png,10,tp,703,3.5991586538461537
inputs/tp_10y_book.png,10,tp,704,3.5736778846153845
inputs/tp_10y_book.png,10,tp,705,3.5481971153846152
inputs/tp_10y_book.png,10,tp,706,3.529086538461538
inputs/tp_10y_book.png,10,tp,707,3.5099759615384616
inputs/tp_10y_book.png,10,tp,708,3.4908653846153843
inputs/tp_10y_book.png,10,tp,709,3.4844951923076923
inputs/tp_10y_book.png,10,tp,710,3.4908653846153843
inputs/tp_10y_book.png,10,tp,711,3.497235576923077
inputs/tp_10y_book.png,10,tp,712,3.503605769230769
inputs/tp_10y_book.png,10,tp,713,3.5099759615384616
inputs/tp_10y_book.png,10,tp,714,3.535456730769231
inputs/tp_10y_book.png,10,tp,715,3.5609375
inputs/tp_10y_book.png,10,tp,716,3.586418269230769
inputs/tp_10y_book.png,10,tp,717,3.6182692307692306
inputs/tp_10y_book.png,10,tp,718,3.6501201923076922
inputs/tp_10y_book.png,10,tp,719,3.6756009615384615
inputs/tp_10y_book.png,10,tp,720,3.7074519230769227
inputs/tp_10y_book.png,10,tp,721,3.7329326923076924
inputs/tp_10y_book.png,10,tp,722,3.7647836538461537
inputs/tp_10y_book.png,10,tp,723,3.8030048076923073
inputs/tp_10y_book.png,10,tp,724,3.834855769230769
inputs/tp_10y_book.png,10,tp,725,3.8667067307692307
inputs/tp_10y_book.png,10,tp,726,3.9240384615384616
inputs/tp_10y_book.png,10,tp,727,3.9749999999999996
inputs/tp_10y_book.png,10,tp,728,4.032331730769231
inputs/tp_10y_book.png,10,tp,729,4.0960336538461535
inputs/tp_10y_book.png,10,tp,730,4.153365384615385
inputs/tp_10y_book.png,10,tp,731,4.1979567307692305
inputs/tp_10y_book.png,10,tp,732,4.210697115384615
inputs/tp_10y_book.png,10,tp,733,4.217067307692307
inputs/tp_10y_book.png,10,tp,734,4.217067307692307
inputs/tp_10y_book.png,10,tp,735,4.217067307692307
inputs/tp_10y_book.png,10,tp,736,4.217067307692307
inputs/tp_10y_book.png,10,tp,737,4.210697115384615
inputs/tp_10y_book.png,10,tp,738,4.2043269230769225
inputs/tp_10y_book.png,10,tp,739,4.1915865384615385
inputs/tp_10y_book.png,10,tp,740,4.172475961538462
inputs/tp_10y_book.png,10,tp,741,4.153365384615385
inputs/tp_10y_book.png,10,tp,742,4.134254807692307
inputs/tp_10y_book.png,10,tp,743,4.108774038461538
inputs/tp_10y_book.png,10,tp,744,4.0896634615384615
inputs/tp_10y_book.png,10,tp,745,4.083293269230769
inputs/tp_10y_book.png,10,tp,746,4.076923076923077
inputs/tp_10y_book.png,10,tp,747,4.064182692307693
inputs/tp_10y_book.png,10,tp,748,4.0578125
inputs/tp_10y_book.png,10,tp,749,4.051442307692307
inputs/tp_10y_book.png,10,tp,750,4.045072115384615
inputs/tp_10y_book.png,10,tp,751,4.032331730769231
inputs/tp_10y_book.png,10,tp,752,4.013221153846153
inputs/tp_10y_book.png,10,tp,753,4.000480769230769
inputs/tp_10y_book.png,10,tp,754,3.9877403846153845
inputs/tp_10y_book.png,10,tp,755,3.968629807692307
inputs/tp_10y_book.png,10,tp,756,3.955889423076923
inputs/tp_10y_book.png,10,tp,757,3.917668269230769
inputs/tp_10y_book.png,10,tp,758,3.8603365384615382
inputs/tp_10y_book.png,10,tp,759,3.790264423076923
inputs/tp_10y_book.png,10,tp,760,3.720192307692307
inputs/tp_10y_book.png,10,tp,761,3.6564903846153842
inputs/tp_10y_book.png,10,tp,762,3.5927884615384618
inputs/tp_10y_book.png,10,tp,763,3.541826923076923
inputs/tp_10y_book.png,10,tp,764,3.4844951923076923
inputs/tp_10y_book.png,10,tp,765,3.4271634615384614
inputs/tp_10y_book.png,10,tp,766,3.363461538461538
inputs/tp_10y_book.png,10,tp,767,3.3252403846153844
inputs/tp_10y_book.png,10,tp,768,3.3188701923076924
inputs/tp_10y_book.png,10,tp,769,3.3252403846153844
inputs/tp_10y_book.png,10,tp,770,3.3252403846153844
inputs/tp_10y_book.png,10,tp,771,3.3188701923076924
inputs/tp_10y_book.png,10,tp,772,3.3188701923076924
inputs/tp_10y_book.png,10,tp,773,3.3125
inputs/tp_10y_book.png,10,tp,774,3.306129807692307
inputs/tp_10y_book.png,10,tp,775,3.299759615384615
inputs/tp_10y_book.png,10,tp,776,3.2933894230769227
inputs/tp_10y_book.png,10,tp,777,3.2806490384615383
inputs/tp_10y_book.png,10,tp,778,3.2742788461538463
inputs/tp_10y_book.png,10,tp,779,3.2679086538461535
inputs/tp_10y_book.png,10,tp,780,3.2360576923076927
inputs/tp_10y_book.png,10,tp,781,3.2042067307692306
inputs/tp_10y_book.png,10,tp,782,3.165985576923077
inputs/tp_10y_book.png,10,tp,783,3.121394230769231
inputs/tp_10y_book.png,10,tp,784,3.121394230769231
inputs/tp_10y_book.png,10,tp,785,3.121394230769231
inputs/tp_10y_book.png,10,tp,786,3.127764423076923
inputs/tp_10y_book.png,10,tp,787,3.127764423076923
inputs/tp_10y_book.png,10,tp,788,3.127764423076923
inputs/tp_10y_book.png,10,tp,789,3.127764423076923
inputs/tp_10y_book.png,10,tp,790,3.121394230769231
inputs/tp_10y_book.png,10,tp,791,3.115024038461538
inputs/tp_10y_book.png,10,tp,792,3.0513221153846155
inputs/tp_10y_book.png,10,tp,793,2.943028846153846
inputs/tp_10y_book.png,10,tp,794,2.8219951923076927
inputs/tp_10y_book.png,10,tp,795,2.707331730769231
inputs/tp_10y_book.png,10,tp,796,2.605408653846154
inputs/tp_10y_book.png,10,tp,797,2.503485576923077
inputs/tp_10y_book.png,10,tp,798,2.465264423076923
inputs/tp_10y_book.png,10,tp,799,2.4525240384615383
inputs/tp_10y_book.png,10,tp,800,2.4334134615384615
inputs/tp_10y_book.png,10,tp,801,2.427043269230769
inputs/tp_10y_book.png,10,tp,802,2.4143028846153847
inputs/tp_10y_book.png,10,tp,803,2.4206730769230766
inputs/tp_10y_book.png,10,tp,804,2.4525240384615383
inputs/tp_10y_book.png,10,tp,805,2.484375
inputs/tp_10y_book.png,10,tp,806,2.5098557692307693
inputs/tp_10y_book.png,10,tp,807,2.541706730769231
inputs/tp_10y_book.png,10,tp,808,2.5862980769230766
inputs/tp_10y_book.png,10,tp,809,2.6372596153846155
inputs/tp_10y_book.png,10,tp,810,2.6818509615384616
inputs/tp_10y_book.png,10,tp,811,2.726442307692307
inputs/tp_10y_book.png,10,tp,812,2.7710336538461537
inputs/tp_10y_book.png,10,tp,813,2.8028846153846154
inputs/tp_10y_book.png,10,tp,814,2.815625
inputs/tp_10y_book.png,10,tp,815,2.815625
inputs/tp_10y_book.png,10,tp,816,2.8219951923076927
inputs/tp_10y_book.png,10,tp,817,2.8219951923076927
inputs/tp_10y_book.png,10,tp,818,2.815625
inputs/tp_10y_book.png,10,tp,819,2.815625
inputs/tp_10y_book.png,10,tp,820,2.8028846153846154
inputs/tp_10y_book.png,10,tp,821,2.777403846153846
inputs/tp_10y_book.png,10,tp,822,2.7455528846153845
inputs/tp_10y_book.png,10,tp,823,2.707331730769231
inputs/tp_10y_book.png,10,tp,824,2.707331730769231
inputs/tp_10y_book.png,10,tp,825,2.713701923076923
inputs/tp_10y_book.png,10,tp,826,2.7200721153846152
inputs/tp_10y_book.png,10,tp,827,2.726442307692307
inputs/tp_10y_book.png,10,tp,828,2.726442307692307
inputs/tp_10y_book.png,10,tp,829,2.726442307692307
inputs/tp_10y_book.png,10,tp,830,2.726442307692307
inputs/tp_10y_book.png,10,tp,831,2.7200721153846152
inputs/tp_10y_book.png,10,tp,832,2.713701923076923
inputs/tp_10y_book.png,10,tp,833,2.669110576923077
inputs/tp_10y_book.png,10,tp,834,2.6117788461538463
inputs/tp_10y_book.png,10,tp,835,2.5608173076923078
inputs/tp_10y_book.png,10,tp,836,2.5162259615384612
inputs/tp_10y_book.png,10,tp,837,2.471634615384615
inputs/tp_10y_book.png,10,tp,838,2.427043269230769
inputs/tp_10y_book.png,10,tp,839,2.3506009615384613
inputs/tp_10y_book.png,10,tp,840,2.2486778846153843
inputs/tp_10y_book.png,10,tp,841,2.1658653846153846
inputs/tp_10y_book.png,10,tp,842,2.089423076923077
inputs/tp_10y_book.png,10,tp,843,2.012980769230769
inputs/tp_10y_book.png,10,tp,844,1.9301682692307691
inputs/tp_10y_book.png,10,tp,845,1.8664663461538462
inputs/tp_10y_book.png,10,tp,846,1.8155048076923077
inputs/tp_10y_book.png,10,tp,847,1.7709134615384614
inputs/tp_10y_book.png,10,tp,848,1.7263221153846153
inputs/tp_10y_book.png,10,tp,849,1.681730769230769
inputs/tp_10y_book.png,10,tp,850,1.6371394230769232
inputs/tp_10y_book.png,10,tp,851,1.5606971153846154
inputs/tp_10y_book.png,10,tp,852,1.4842548076923077
inputs/tp_10y_book.png,10,tp,853,1.4205528846153845
inputs/tp_10y_book.png,10,tp,854,1.3632211538461536
inputs/tp_10y_book.png,10,tp,855,1.2995192307692307
inputs/tp_10y_book.png,10,tp,856,1.2804086538461539
inputs/tp_10y_book.png,10,tp,857,1.3186298076923078
inputs/tp_10y_book.png,10,tp,858,1.3695913461538463
inputs/tp_10y_book.png,10,tp,859,1.4205528846153845
inputs/tp_10y_book.png,10,tp,860,1.4778846153846155
inputs/tp_10y_book.png,10,tp,861,1.5097355769230767
inputs/tp_10y_book.png,10,tp,862,1.5415865384615386
inputs/tp_10y_book.png,10,tp,863,1.5798076923076922
inputs/tp_10y_book.png,10,tp,864,1.6052884615384613
inputs/tp_10y_book.png,10,tp,865,1.6435096153846154
inputs/tp_10y_book.png,10,tp,866,1.6689903846153844
inputs/tp_10y_book.png,10,tp,867,1.6753605769230768
inputs/tp_10y_book.png,10,tp,868,1.6753605769230768
inputs/tp_10y_book.png,10,tp,869,1.6753605769230768
inputs/tp_10y_book.png,10,tp,870,1.6753605769230768
inputs/tp_10y_book.png,10,tp,871,1.6753605769230768
inputs/tp_10y_book.png,10,tp,872,1.6689903846153844
inputs/tp_10y_book.png,10,tp,873,1.65625
inputs/tp_10y_book.png,10,tp,874,1.6243990384615385
inputs/tp_10y_book.png,10,tp,875,1.5861778846153844
inputs/tp_10y_book.png,10,tp,876,1.5606971153846154
inputs/tp_10y_book.png,10,tp,877,1.5288461538461537
inputs/tp_10y_book.png,10,tp,878,1.4969951923076923
inputs/tp_10y_book.png,10,tp,879,1.4842548076923077
inputs/tp_10y_book.png,10,tp,880,1.5606971153846154
inputs/tp_10y_book.png,10,tp,881,1.65625
inputs/tp_10y_book.png,10,tp,882,1.764543269230769
inputs/tp_10y_book.png,10,tp,883,1.885576923076923
inputs/tp_10y_book.png,10,tp,884,1.9046874999999999
inputs/tp_10y_book.png,10,tp,885,1.9110576923076923
inputs/tp_10y_book.png,10,tp,886,1.9110576923076923
inputs/tp_10y_book.png,10,tp,887,1.9174278846153845
inputs/tp_10y_book.png,10,tp,888,1.9110576923076923
inputs/tp_10y_book.png,10,tp,889,1.9110576923076923
inputs/tp_10y_book.png,10,tp,890,1.9046874999999999
inputs/tp_10y_book.png,10,tp,891,1.8919471153846155
inputs/tp_10y_book.png,10,tp,892,1.8728365384615384
inputs/tp_10y_book.png,10,tp,893,1.8600961538461536
inputs/tp_10y_book.png,10,tp,894,1.8409855769230767
inputs/tp_10y_book.png,10,tp,895,1.8409855769230767
inputs/tp_10y_book.png,10,tp,896,1.8473557692307692
inputs/tp_10y_book.png,10,tp,897,1.8537259615384614
inputs/tp_10y_book.png,10,tp,898,1.8600961538461536
inputs/tp_10y_book.png,10,tp,899,1.8664663461538462
inputs/tp_10y_book.png,10,tp,900,1.8728365384615384
inputs/tp_10y_book.png,10,tp,901,1.8792067307692308
inputs/tp_10y_book.png,10,tp,902,1.885576923076923
inputs/tp_10y_book.png,10,tp,903,1.8919471153846155
inputs/tp_10y_book.png,10,tp,904,1.8919471153846155
inputs/tp_10y_book.png,10,tp,905,1.8919471153846155
inputs/tp_10y_book.png,10,tp,906,1.8919471153846155
inputs/tp_10y_book.png,10,tp,907,1.8919471153846155
inputs/tp_10y_book.png,10,tp,908,1.885576923076923
inputs/tp_10y_book.png,10,tp,909,1.8792067307692308
inputs/tp_10y_book.png,10,tp,910,1.885576923076923
inputs/tp_10y_book.png,10,tp,911,1.9110576923076923
inputs/tp_10y_book.png,10,tp,912,1.9301682692307691
inputs/tp_10y_book.png,10,tp,913,1.9492788461538462
inputs/tp_10y_book.png,10,tp,914,1.9811298076923076
inputs/tp_10y_book.png,10,tp,915,2.0193509615384615
inputs/tp_10y_book.png,10,tp,916,2.057572115384615
inputs/tp_10y_book.png,10,tp,917,2.1021634615384612
inputs/tp_10y_book.png,10,tp,918,2.1403846153846153
inputs/tp_10y_book.png,10,tp,919,2.178605769230769
inputs/tp_10y_book.png,10,tp,920,2.2231971153846155
inputs/tp_10y_book.png,10,tp,921,2.267788461538461
inputs/tp_10y_book.png,10,tp,922,2.325120192307692
inputs/tp_10y_book.png,10,tp,923,2.382451923076923
inputs/tp_10y_book.png,10,tp,924,2.4334134615384615
inputs/tp_10y_book.png,10,tp,925,2.484375
inputs/tp_10y_book.png,10,tp,926,2.5353365384615385
inputs/tp_10y_book.png,10,tp,927,2.5862980769230766
inputs/tp_10y_book.png,10,tp,928,2.65
inputs/tp_10y_book.png,10,tp,929,2.700961538461538
inputs/tp_10y_book.png,10,tp,930,2.758293269230769
inputs/tp_10y_book.png,10,tp,931,2.815625
inputs/tp_10y_book.png,10,tp,932,2.885697115384615
inputs/tp_10y_book.png,10,tp,933,2.949399038461538
inputs/tp_10y_book.png,10,tp,934,3.0322115384615382
inputs/tp_10y_book.png,10,tp,935,3.1022836538461536
inputs/tp_10y_book.png,10,tp,936,3.1596153846153845
inputs/tp_10y_book.png,10,tp,937,3.172355769230769
inputs/tp_10y_book.png,10,tp,938,3.172355769230769
inputs/tp_10y_book.png,10,tp,939,3.1787259615384618
inputs/tp_10y_book.png,10,tp,940,3.1787259615384618
inputs/tp_10y_book.png,10,tp,941,3.1787259615384618
inputs/tp_10y_book.png,10,tp,942,3.172355769230769
inputs/tp_10y_book.png,10,tp,943,3.172355769230769
inputs/tp_10y_book.png,10,tp,944,3.172355769230769
inputs/tp_10y_book.png,10,tp,945,3.172355769230769
inputs/tp_10y_book.png,10,tp,946,3.165985576923077
inputs/tp_10y_book.png,10,tp,947,3.165985576923077
inputs/tp_10y_book.png,10,tp,948,3.1596153846153845
inputs/tp_10y_book.png,10,tp,949,3.1532451923076925
inputs/tp_10y_book.png,10,tp,950,3.1022836538461536
inputs/tp_10y_book.png,10,tp,951,3.0194711538461534
inputs/tp_10y_book.png,10,tp,952,2.9302884615384617
inputs/tp_10y_book.png,10,tp,953,2.834735576923077
inputs/tp_10y_book.png,10,tp,954,2.726442307692307
inputs/tp_10y_book.png,10,tp,955,2.630889423076923
inputs/tp_10y_book.png,10,tp,956,2.528966346153846
inputs/tp_10y_book.png,10,tp,957,2.4334134615384615
inputs/tp_10y_book.png,10,tp,958,2.325120192307692
inputs/tp_10y_book.png,10,tp,959,2.2040865384615387
inputs/tp_10y_book.png,10,tp,960,2.1658653846153846
inputs/tp_10y_book.png,10,tp,961,2.2104567307692307
inputs/tp_10y_book.png,10,tp,962,2.2996394230769233
inputs/tp_10y_book.png,10,tp,963,2.395192307692308
inputs/tp_10y_book.png,10,tp,964,2.4780048076923076
inputs/tp_10y_book.png,10,tp,965,2.5544471153846153
inputs/tp_10y_book.png,10,tp,966,2.6181490384615387
inputs/tp_10y_book.png,10,tp,967,2.630889423076923
inputs/tp_10y_book.png,10,tp,968,2.630889423076923
inputs/tp_10y_book.png,10,tp,969,2.6372596153846155
inputs/tp_10y_book.png,10,tp,970,2.6372596153846155
inputs/tp_10y_book.png,10,tp,971,2.630889423076923
inputs/tp_10y_book.png,10,tp,972,2.630889423076923
inputs/tp_10y_book.png,10,tp,973,2.6245192307692307
inputs/tp_10y_book.png,10,tp,974,2.6117788461538463
inputs/tp_10y_book.png,10,tp,975,2.5990384615384614
inputs/tp_10y_book.png,10,tp,976,2.592668269230769
inputs/tp_10y_book.png,10,tp,977,2.5990384615384614
inputs/tp_10y_book.png,10,tp,978,2.605408653846154
inputs/tp_10y_book.png,10,tp,979,2.6117788461538463
inputs/tp_10y_book.png,10,tp,980,2.6117788461538463
inputs/tp_10y_book.png,10,tp,981,2.6117788461538463
inputs/tp_10y_book.png,10,tp,982,2.6117788461538463
inputs/tp_10y_book.png,10,tp,983,2.6117788461538463
inputs/tp_10y_book.png,10,tp,984,2.5990384615384614
inputs/tp_10y_book.png,10,tp,985,2.5862980769230766
inputs/tp_10y_book.png,10,tp,986,2.605408653846154
inputs/tp_10y_book.png,10,tp,987,2.675480769230769
inputs/tp_10y_book.png,10,tp,988,2.7391826923076925
inputs/tp_10y_book.png,10,tp,989,2.8028846153846154
inputs/tp_10y_book.png,10,tp,990,2.8729567307692307
inputs/tp_10y_book.png,10,tp,991,2.955769230769231
inputs/tp_10y_book.png,10,tp,992,3.0322115384615382
inputs/tp_10y_book.png,10,tp,993,3.1022836538461536
inputs/tp_10y_book.png,10,tp,994,3.172355769230769
inputs/tp_10y_book.png,10,tp,995,3.2233173076923074
inputs/tp_10y_book.png,10,tp,996,3.2296875
inputs/tp_10y_book.png,10,tp,997,3.2360576923076927
inputs/tp_10y_book.png,10,tp,998,3.2360576923076927
inputs/tp_10y_book.png,10,tp,999,3.2360576923076927
inputs/tp_10y_book.png,10,tp,1000,3.2360576923076927
inputs/tp_10y_book.png,10,tp,1001,3.2296875
inputs/tp_10y_book.png,10,tp,1002,3.2233173076923074
inputs/tp_10y_book.png,10,tp,1003,3.191466346153846
inputs/tp_10y_book.png,10,tp,1004,3.146875
inputs/tp_10y_book.png,10,tp,1005,3.108653846153846
inputs/tp_10y_book.png,10,tp,1006,3.108653846153846
inputs/tp_10y_book.png,10,tp,1007,3.1341346153846152
inputs/tp_10y_book.png,10,tp,1008,3.146875
inputs/tp_10y_book.png,10,tp,1009,3.146875
inputs/tp_10y_book.png,10,tp,1010,3.1532451923076925
inputs/tp_10y_book.png,10,tp,1011,3.1532451923076925
inputs/tp_10y_book.png,10,tp,1012,3.146875
inputs/tp_10y_book.png,10,tp,1013,3.146875
inputs/tp_10y_book.png,10,tp,1014,3.1341346153846152
inputs/tp_10y_book.png,10,tp,1015,3.0258413461538463
inputs/tp_10y_book.png,10,tp,1016,2.8538461538461535
inputs/tp_10y_book.png,10,tp,1017,2.65
inputs/tp_10y_book.png,10,tp,1018,2.490745192307692
inputs/tp_10y_book.png,10,tp,1019,2.427043269230769
inputs/tp_10y_book.png,10,tp,1020,2.465264423076923
inputs/tp_10y_book.png,10,tp,1021,2.5225961538461537
inputs/tp_10y_book.png,10,tp,1022,2.5799278846153846
inputs/tp_10y_book.png,10,tp,1023,2.6372596153846155
inputs/tp_10y_book.png,10,tp,1024,2.6882211538461536
inputs/tp_10y_book.png,10,tp,1025,2.758293269230769
inputs/tp_10y_book.png,10,tp,1026,2.8219951923076927
inputs/tp_10y_book.png,10,tp,1027,2.8793269230769227
inputs/tp_10y_book.png,10,tp,1028,2.9366586538461537
inputs/tp_10y_book.png,10,tp,1029,2.9876201923076926
inputs/tp_10y_book.png,10,tp,1030,3.0385817307692307
inputs/tp_10y_book.png,10,tp,1031,3.0768028846153843
inputs/tp_10y_book.png,10,tp,1032,3.108653846153846
inputs/tp_10y_book.png,10,tp,1033,3.140504807692307
inputs/tp_10y_book.png,10,tp,1034,3.172355769230769
inputs/tp_10y_book.png,10,tp,1035,3.2042067307692306
inputs/tp_10y_book.png,10,tp,1036,3.2296875
inputs/tp_10y_book.png,10,tp,1037,3.2360576923076927
inputs/tp_10y_book.png,10,tp,1038,3.2424278846153847
inputs/tp_10y_book.png,10,tp,1039,3.2424278846153847
inputs/tp_10y_book.png,10,tp,1040,3.2424278846153847
inputs/tp_10y_book.png,10,tp,1041,3.2424278846153847
inputs/tp_10y_book.png,10,tp,1042,3.2360576923076927
inputs/tp_10y_book.png,10,tp,1043,3.2296875
inputs/tp_10y_book.png,10,tp,1044,3.1850961538461537
inputs/tp_10y_book.png,10,tp,1045,3.115024038461538
inputs/tp_10y_book.png,10,tp,1046,3.0513221153846155
inputs/tp_10y_book.png,10,tp,1047,2.9939903846153846
inputs/tp_10y_book.png,10,tp,1048,2.9366586538461537
inputs/tp_10y_book.png,10,tp,1049,2.8793269230769227
inputs/tp_10y_book.png,10,tp,1050,2.7901442307692306
inputs/tp_10y_book.png,10,tp,1051,2.6627403846153843
inputs/tp_10y_book.png,10,tp,1052,2.548076923076923
inputs/tp_10y_book.png,10,tp,1053,2.4461538461538463
inputs/tp_10y_book.png,10,tp,1054,2.3506009615384613
inputs/tp_10y_book.png,10,tp,1055,2.2423076923076923
inputs/tp_10y_book.png,10,tp,1056,2.1467548076923078
inputs/tp_10y_book.png,10,tp,1057,2.0384615384615383
inputs/tp_10y_book.png,10,tp,1058,1.9429086538461537
inputs/tp_10y_book.png,10,tp,1059,1.8600961538461536
inputs/tp_10y_book.png,10,tp,1060,1.7772836538461536
inputs/tp_10y_book.png,10,tp,1061,1.7135817307692307
inputs/tp_10y_book.png,10,tp,1062,1.7709134615384614
inputs/tp_10y_book.png,10,tp,1063,1.8919471153846155
inputs/tp_10y_book.png,10,tp,1064,2.0193509615384615
inputs/tp_10y_book.png,10,tp,1065,2.1658653846153846
inputs/tp_10y_book.png,10,tp,1066,2.2040865384615387
inputs/tp_10y_book.png,10,tp,1067,2.2104567307692307
inputs/tp_10y_book.png,10,tp,1068,2.2104567307692307
inputs/tp_10y_book.png,10,tp,1069,2.216826923076923
inputs/tp_10y_book.png,10,tp,1070,2.216826923076923
inputs/tp_10y_book.png,10,tp,1071,2.2231971153846155
inputs/tp_10y_book.png,10,tp,1072,2.2231971153846155
inputs/tp_10y_book.png,10,tp,1073,2.2231971153846155
inputs/tp_10y_book.png,10,tp,1074,2.2295673076923075
inputs/tp_10y_book.png,10,tp,1075,2.2295673076923075
inputs/tp_10y_book.png,10,tp,1076,2.2295673076923075
inputs/tp_10y_book.png,10,tp,1077,2.2231971153846155
inputs/tp_10y_book.png,10,tp,1078,2.216826923076923
inputs/tp_10y_book.png,10,tp,1079,2.2040865384615387
inputs/tp_10y_book.png,10,tp,1080,2.0639423076923076
inputs/tp_10y_book.png,10,tp,1081,1.9365384615384613
inputs/tp_10y_book.png,10,tp,1082,1.8155048076923077
inputs/tp_10y_book.png,10,tp,1083,1.7072115384615385
inputs/tp_10y_book.png,10,tp,1084,1.5798076923076922
inputs/tp_10y_book.png,10,tp,1085,1.4396634615384614
inputs/tp_10y_book.png,10,tp,1086,1.388701923076923
inputs/tp_10y_book.png,10,tp,1087,1.3441105769230768
inputs/tp_10y_book.png,10,tp,1088,1.3058894230769231
inputs/tp_10y_book.png,10,tp,1089,1.2612980769230768
inputs/tp_10y_book.png,10,tp,1090,1.2167067307692307
inputs/tp_10y_book.png,10,tp,1091,1.1784855769230769
inputs/tp_10y_book.png,10,tp,1092,1.1657451923076922
inputs/tp_10y_book.png,10,tp,1093,1.159375
inputs/tp_10y_book.png,10,tp,1094,1.1466346153846154
inputs/tp_10y_book.png,10,tp,1095,1.1402644230769232
inputs/tp_10y_book.png,10,tp,1096,1.1211538461538462
inputs/tp_10y_book.png,10,tp,1097,1.0192307692307692
inputs/tp_10y_book.png,10,tp,1098,0.9300480769230768
inputs/tp_10y_book.png,10,tp,1099,0.8408653846153845
inputs/tp_10y_book.png,10,tp,1100,0.7580528846153846
inputs/tp_10y_book.png,10,tp,1101,0.6688701923076923
inputs/tp_10y_book.png,10,tp,1102,0.6115384615384616
inputs/tp_10y_book.png,10,tp,1103,0.6179086538461538
inputs/tp_10y_book.png,10,tp,1104,0.643389423076923
inputs/tp_10y_book.png,10,tp,1105,0.6752403846153845
inputs/tp_10y_book.png,10,tp,1106,0.7007211538461539
inputs/tp_10y_book.png,10,tp,1107,0.7134615384615384
inputs/tp_10y_book.png,10,tp,1108,0.7198317307692307
inputs/tp_10y_book.png,10,tp,1109,0.7198317307692307
inputs/tp_10y_book.png,10,tp,1110,0.7198317307692307
inputs/tp_10y_book.png,10,tp,1111,0.7198317307692307
inputs/tp_10y_book.png,10,tp,1112,0.7198317307692307
inputs/tp_10y_book.png,10,tp,1113,0.7134615384615384
inputs/tp_10y_book.png,10,tp,1114,0.7070913461538462
inputs/tp_10y_book.png,10,tp,1115,0.7070913461538462
inputs/tp_10y_book.png,10,tp,1116,0.7389423076923077
inputs/tp_10y_book.png,10,tp,1117,0.7771634615384615
inputs/tp_10y_book.png,10,tp,1118,0.8153846153846154
inputs/tp_10y_book.png,10,tp,1119,0.8918269230769231
inputs/tp_10y_book.png,10,tp,1120,0.9746394230769231
inputs/tp_10y_book.png,10,tp,1121,1.057451923076923
inputs/tp_10y_book.png,10,tp,1122,1.1530048076923076
inputs/tp_10y_book.png,10,tp,1123,1.2485576923076922
inputs/tp_10y_book.png,10,tp,1124,1.325
inputs/tp_10y_book.png,10,tp,1125,1.3377403846153846
inputs/tp_10y_book.png,10,tp,1126,1.3441105769230768
inputs/tp_10y_book.png,10,tp,1127,1.350480769230769
inputs/tp_10y_book.png,10,tp,1128,1.3568509615384614
inputs/tp_10y_book.png,10,tp,1129,1.3632211538461536
inputs/tp_10y_book.png,10,tp,1130,1.3695913461538463
inputs/tp_10y_book.png,10,tp,1131,1.3759615384615385
inputs/tp_10y_book.png,10,tp,1132,1.3823317307692309
inputs/tp_10y_book.png,10,tp,1133,1.3823317307692309
inputs/tp_10y_book.png,10,tp,1134,1.3823317307692309
inputs/tp_10y_book.png,10,tp,1135,1.3823317307692309
inputs/tp_10y_book.png,10,tp,1136,1.3759615384615385
inputs/tp_10y_book.png,10,tp,1137,1.3759615384615385
inputs/tp_10y_book.png,10,tp,1138,1.3377403846153846
inputs/tp_10y_book.png,10,tp,1139,1.2740384615384615
inputs/tp_10y_book.png,10,tp,1140,1.2167067307692307
inputs/tp_10y_book.png,10,tp,1141,1.1530048076923076
inputs/tp_10y_book.png,10,tp,1142,1.0829326923076923
inputs/tp_10y_book.png,10,tp,1143,1.0128605769230767
inputs/tp_10y_book.png,10,tp,1144,0.9618990384615383
inputs/tp_10y_book.png,10,tp,1145,0.9364182692307692
inputs/tp_10y_book.png,10,tp,1146,0.9045673076923076
inputs/tp_10y_book.png,10,tp,1147,0.8790865384615384
inputs/tp_10y_book.png,10,tp,1148,0.8408653846153845
inputs/tp_10y_book.png,10,tp,1149,0.8090144230769232
inputs/tp_10y_book.png,10,tp,1150,0.7707932692307693
inputs/tp_10y_book.png,10,tp,1151,0.7389423076923077
inputs/tp_10y_book.png,10,tp,1152,0.7007211538461539
inputs/tp_10y_book.png,10,tp,1153,0.6816105769230768
inputs/tp_10y_book.png,10,tp,1154,0.6816105769230768
inputs/tp_10y_book.png,10,tp,1155,0.6879807692307692
inputs/tp_10y_book.png,10,tp,1156,0.6879807692307692
inputs/tp_10y_book.png,10,tp,1157,0.6879807692307692
inputs/tp_10y_book.png,10,tp,1158,0.6879807692307692
inputs/tp_10y_book.png,10,tp,1159,0.6879807692307692
inputs/tp_10y_book.png,10,tp,1160,0.6816105769230768
inputs/tp_10y_book.png,10,tp,1161,0.6816105769230768
inputs/tp_10y_book.png,10,tp,1162,0.7453124999999999
inputs/tp_10y_book.png,10,tp,1163,0.8153846153846154
inputs/tp_10y_book.png,10,tp,1164,0.8854567307692307
inputs/tp_10y_book.png,10,tp,1165,0.9364182692307692
inputs/tp_10y_book.png,10,tp,1166,0.9618990384615383
inputs/tp_10y_book.png,10,tp,1167,0.9810096153846154
inputs/tp_10y_book.png,10,tp,1168,1.0064903846153845
inputs/tp_10y_book.png,10,tp,1169,1.0256009615384616
inputs/tp_10y_book.png,10,tp,1170,1.0510817307692306
inputs/tp_10y_book.png,10,tp,1171,1.0701923076923077
inputs/tp_10y_book.png,10,tp,1172,1.0765624999999999
inputs/tp_10y_book.png,10,tp,1173,1.0893028846153845
inputs/tp_10y_book.png,10,tp,1174,1.095673076923077
inputs/tp_10y_book.png,10,tp,1175,1.1020432692307693
inputs/tp_10y_book.png,10,tp,1176,1.1084134615384615
inputs/tp_10y_book.png,10,tp,1177,1.1147836538461537
inputs/tp_10y_book.png,10,tp,1178,1.1211538461538462
inputs/tp_10y_book.png,10,tp,1179,1.1275240384615384
inputs/tp_10y_book.png,10,tp,1180,1.1275240384615384
inputs/tp_10y_book.png,10,tp,1181,1.1275240384615384
inputs/tp_10y_book.png,10,tp,1182,1.1275240384615384
inputs/tp_10y_book.png,10,tp,1183,1.1211538461538462
inputs/tp_10y_book.png,10,tp,1184,1.1147836538461537
inputs/tp_10y_book.png,10,tp,1185,1.1020432692307693
inputs/tp_10y_book.png,10,tp,1186,1.0893028846153845
inputs/tp_10y_book.png,10,tp,1187,1.0765624999999999
inputs/tp_10y_book.png,10,tp,1188,1.057451923076923
inputs/tp_10y_book.png,10,tp,1189,1.0510817307692306
inputs/tp_10y_book.png,10,tp,1190,1.0701923076923077
inputs/tp_10y_book.png,10,tp,1191,1.1147836538461537
inputs/tp_10y_book.png,10,tp,1192,1.159375
inputs/tp_10y_book.png,10,tp,1193,1.197596153846154
inputs/tp_10y_book.png,10,tp,1194,1.2294471153846154
inputs/tp_10y_book.png,10,tp,1195,1.2549278846153846
inputs/tp_10y_book.png,10,tp,1196,1.286778846153846
inputs/tp_10y_book.png,10,tp,1197,1.3122596153846153
inputs/tp_10y_book.png,10,tp,1198,1.3441105769230768
inputs/tp_10y_book.png,10,tp,1199,1.3632211538461536
inputs/tp_10y_book.png,10,tp,1200,1.388701923076923
inputs/tp_10y_book.png,10,tp,1201,1.4014423076923077
inputs/tp_10y_book.png,10,tp,1202,1.4078125
inputs/tp_10y_book.png,10,tp,1203,1.4141826923076923
inputs/tp_10y_book.png,10,tp,1204,1.4269230769230767
inputs/tp_10y_book.png,10,tp,1205,1.4332932692307692
inputs/tp_10y_book.png,10,tp,1206,1.4396634615384614
inputs/tp_10y_book.png,10,tp,1207,1.4460336538461536
inputs/tp_10y_book.png,10,tp,1208,1.4524038461538462
inputs/tp_10y_book.png,10,tp,1209,1.4524038461538462
inputs/tp_10y_book.png,10,tp,1210,1.4524038461538462
inputs/tp_10y_book.png,10,tp,1211,1.4524038461538462
inputs/tp_10y_book.png,10,tp,1212,1.4460336538461536
inputs/tp_10y_book.png,10,tp,1213,1.4396634615384614
inputs/tp_10y_book.png,10,tp,1214,1.4141826923076923
inputs/tp_10y_book.png,10,tp,1215,1.388701923076923
inputs/tp_10y_book.png,10,tp,1216,1.3759615384615385
inputs/tp_10y_book.png,10,tp,1217,1.388701923076923
inputs/tp_10y_book.png,10,tp,1218,1.4141826923076923
inputs/tp_10y_book.png,10,tp,1219,1.4205528846153845
inputs/tp_10y_book.png,10,tp,1220,1.4269230769230767
inputs/tp_10y_book.png,10,tp,1221,1.4269230769230767
inputs/tp_10y_book.png,10,tp,1222,1.4269230769230767
inputs/tp_10y_book.png,10,tp,1223,1.4269230769230767
inputs/tp_10y_book.png,10,tp,1224,1.4205528846153845
inputs/tp_10y_book.png,10,tp,1225,1.4205528846153845
inputs/tp_10y_book.png,10,tp,1226,1.4332932692307692
inputs/tp_10y_book.png,10,tp,1227,1.4460336538461536
inputs/tp_10y_book.png,10,tp,1228,1.4587740384615386
inputs/tp_10y_book.png,10,tp,1229,1.4778846153846155
inputs/tp_10y_book.png,10,tp,1230,1.4969951923076923
inputs/tp_10y_book.png,10,tp,1231,1.5288461538461537
inputs/tp_10y_book.png,10,tp,1232,1.5606971153846154
inputs/tp_10y_book.png,10,tp,1233,1.5861778846153844
inputs/tp_10y_book.png,10,tp,1234,1.6116586538461537
inputs/tp_10y_book.png,10,tp,1235,1.6371394230769232
inputs/tp_10y_book.png,10,tp,1236,1.6626201923076922
inputs/tp_10y_book.png,10,tp,1237,1.6753605769230768
inputs/tp_10y_book.png,10,tp,1238,1.6881009615384615
inputs/tp_10y_book.png,10,tp,1239,1.7008413461538463
inputs/tp_10y_book.png,10,tp,1240,1.7135817307692307
inputs/tp_10y_book.png,10,tp,1241,1.7263221153846153
inputs/tp_10y_book.png,10,tp,1242,1.7900240384615385
inputs/tp_10y_book.png,10,tp,1243,1.885576923076923
inputs/tp_10y_book.png,10,tp,1244,1.968389423076923
inputs/tp_10y_book.png,10,tp,1245,2.051201923076923
inputs/tp_10y_book.png,10,tp,1246,2.134014423076923
inputs/tp_10y_book.png,10,tp,1247,2.2295673076923075
inputs/tp_10y_book.png,10,tp,1248,2.3060096153846152
inputs/tp_10y_book.png,10,tp,1249,2.3569711538461537
inputs/tp_10y_book.png,10,tp,1250,2.4079326923076922
inputs/tp_10y_book.png,10,tp,1251,2.4525240384615383
inputs/tp_10y_book.png,10,tp,1252,2.503485576923077
inputs/tp_10y_book.png,10,tp,1253,2.541706730769231
inputs/tp_10y_book.png,10,tp,1254,2.548076923076923
inputs/tp_10y_book.png,10,tp,1255,2.5544471153846153
inputs/tp_10y_book.png,10,tp,1256,2.5544471153846153
inputs/tp_10y_book.png,10,tp,1257,2.5544471153846153
inputs/tp_10y_book.png,10,tp,1258,2.5544471153846153
inputs/tp_10y_book.png,10,tp,1259,2.548076923076923
inputs/tp_10y_book.png,10,tp,1260,2.541706730769231
inputs/tp_10y_book.png,10,tp,1261,2.5162259615384612
inputs/tp_10y_book.png,10,tp,1262,2.490745192307692
inputs/tp_10y_book.png,10,tp,1263,2.465264423076923
inputs/tp_10y_book.png,10,tp,1264,2.4525240384615383
inputs/tp_10y_book.png,10,tp,1265,2.4525240384615383
inputs/tp_10y_book.png,10,tp,1266,2.4588942307692307
inputs/tp_10y_book.png,10,tp,1267,2.4588942307692307
inputs/tp_10y_book.png,10,tp,1268,2.465264423076923
inputs/tp_10y_book.png,10,tp,1269,2.4588942307692307
inputs/tp_10y_book.png,10,tp,1270,2.4588942307692307
inputs/tp_10y_book.png,10,tp,1271,2.4525240384615383
inputs/tp_10y_book.png,10,tp,1272,2.4461538461538463
inputs/tp_10y_book.png,10,tp,1273,2.4206730769230766
inputs/tp_10y_book.png,10,tp,1274,2.4015625
inputs/tp_10y_book.png,10,tp,1275,2.3760817307692306
inputs/tp_10y_book.png,10,tp,1276,2.3569711538461537
inputs/tp_10y_book.png,10,tp,1277,2.337860576923077
inputs/tp_10y_book.png,10,tp,1278,2.31875
inputs/tp_10y_book.png,10,tp,1279,2.267788461538461
inputs/tp_10y_book.png,10,tp,1280,2.216826923076923
inputs/tp_10y_book.png,10,tp,1281,2.1722355769230766
inputs/tp_10y_book.png,10,tp,1282,2.134014423076923
inputs/tp_10y_book.png,10,tp,1283,2.089423076923077
inputs/tp_10y_book.png,10,tp,1284,2.0448317307692307
inputs/tp_10y_book.png,10,tp,1285,1.9874999999999998
inputs/tp_10y_book.png,10,tp,1286,1.9556490384615386
inputs/tp_10y_book.png,10,tp,1287,1.9556490384615386
inputs/tp_10y_book.png,10,tp,1288,2.0002403846153847
inputs/tp_10y_book.png,10,tp,1289,2.0193509615384615
inputs/tp_10y_book.png,10,tp,1290,2.0257211538461535
inputs/tp_10y_book.png,10,tp,1291,2.0257211538461535
inputs/tp_10y_book.png,10,tp,1292,2.0257211538461535
inputs/tp_10y_book.png,10,tp,1293,2.0257211538461535
inputs/tp_10y_book.png,10,tp,1294,2.0257211538461535
inputs/tp_10y_book.png,10,tp,1295,2.0193509615384615
inputs/tp_10y_book.png,10,tp,1296,2.0066105769230766
inputs/tp_10y_book.png,10,tp,1297,1.9556490384615386
inputs/tp_10y_book.png,10,tp,1298,1.9110576923076923
inputs/tp_10y_book.png,10,tp,1299,1.8664663461538462
inputs/tp_10y_book.png,10,tp,1300,1.821875
inputs/tp_10y_book.png,10,tp,1301,1.8091346153846153
inputs/tp_10y_book.png,10,tp,1302,1.8155048076923077
inputs/tp_10y_book.png,10,tp,1303,1.8155048076923077
inputs/tp_10y_book.png,10,tp,1304,1.8155048076923077
inputs/tp_10y_book.png,10,tp,1305,1.8155048076923077
inputs/tp_10y_book.png,10,tp,1306,1.8155048076923077
inputs/tp_10y_book.png,10,tp,1307,1.8091346153846153
inputs/tp_10y_book.png,10,tp,1308,1.7772836538461536
inputs/tp_10y_book.png,10,tp,1309,1.6944711538461537
inputs/tp_10y_book.png,10,tp,1310,1.6243990384615385
inputs/tp_10y_book.png,10,tp,1311,1.5479567307692308
inputs/tp_10y_book.png,10,tp,1312,1.471514423076923
inputs/tp_10y_book.png,10,tp,1313,1.388701923076923
inputs/tp_10y_book.png,10,tp,1314,1.3695913461538463
inputs/tp_10y_book.png,10,tp,1315,1.3568509615384614
inputs/tp_10y_book.png,10,tp,1316,1.3441105769230768
inputs/tp_10y_book.png,10,tp,1317,1.3313701923076922
inputs/tp_10y_book.png,10,tp,1318,1.325
inputs/tp_10y_book.png,10,tp,1319,1.325
inputs/tp_10y_book.png,10,tp,1320,1.3313701923076922
inputs/tp_10y_book.png,10,tp,1321,1.3313701923076922
inputs/tp_10y_book.png,10,tp,1322,1.325
inputs/tp_10y_book.png,10,tp,1323,1.325
inputs/tp_10y_book.png,10,tp,1324,1.3186298076923078
inputs/tp_10y_book.png,10,tp,1325,1.2995192307692307
inputs/tp_10y_book.png,10,tp,1326,1.2740384615384615
inputs/tp_10y_book.png,10,tp,1327,1.2421875
inputs/tp_10y_book.png,10,tp,1328,1.2167067307692307
inputs/tp_10y_book.png,10,tp,1329,1.1912259615384615
inputs/tp_10y_book.png,10,tp,1330,1.159375
inputs/tp_10y_book.png,10,tp,1331,1.1338942307692306
inputs/tp_10y_book.png,10,tp,1332,1.1211538461538462
inputs/tp_10y_book.png,10,tp,1333,1.1020432692307693
inputs/tp_10y_book.png,10,tp,1334,1.0893028846153845
inputs/tp_10y_book.png,10,tp,1335,1.0765624999999999
inputs/tp_10y_book.png,10,tp,1336,1.095673076923077
inputs/tp_10y_book.png,10,tp,1337,1.1211538461538462
inputs/tp_10y_book.png,10,tp,1338,1.1466346153846154
inputs/tp_10y_book.png,10,tp,1339,1.1848557692307693
inputs/tp_10y_book.png,10,tp,1340,1.2103365384615383
inputs/tp_10y_book.png,10,tp,1341,1.2421875
inputs/tp_10y_book.png,10,tp,1342,1.2485576923076922
inputs/tp_10y_book.png,10,tp,1343,1.2549278846153846
inputs/tp_10y_book.png,10,tp,1344,1.2549278846153846
inputs/tp_10y_book.png,10,tp,1345,1.2612980769230768
inputs/tp_10y_book.png,10,tp,1346,1.2549278846153846
inputs/tp_10y_book.png,10,tp,1347,1.2549278846153846
inputs/tp_10y_book.png,10,tp,1348,1.2485576923076922
inputs/tp_10y_book.png,10,tp,1349,1.2358173076923076
inputs/tp_10y_book.png,10,tp,1350,1.2230769230769232
inputs/tp_10y_book.png,10,tp,1351,1.2103365384615383
inputs/tp_10y_book.png,10,tp,1352,1.197596153846154
inputs/tp_10y_book.png,10,tp,1353,1.197596153846154
inputs/tp_10y_book.png,10,tp,1354,1.2931490384615383
inputs/tp_10y_book.png,10,tp,1355,1.4332932692307692
inputs/tp_10y_book.png,10,tp,1356,1.598918269230769
inputs/tp_10y_book.png,10,tp,1357,1.7518028846153846
inputs/tp_10y_book.png,10,tp,1358,1.8728365384615384
inputs/tp_10y_book.png,10,tp,1359,1.885576923076923
inputs/tp_10y_book.png,10,tp,1360,1.8919471153846155
inputs/tp_10y_book.png,10,tp,1361,1.8919471153846155
inputs/tp_10y_book.png,10,tp,1362,1.8919471153846155
inputs/tp_10y_book.png,10,tp,1363,1.8919471153846155
inputs/tp_10y_book.png,10,tp,1364,1.885576923076923
inputs/tp_10y_book.png,10,tp,1365,1.8792067307692308
inputs/tp_10y_book.png,10,tp,1366,1.8473557692307692
inputs/tp_10y_book.png,10,tp,1367,1.7836538461538463
inputs/tp_10y_book.png,10,tp,1368,1.7199519230769231
inputs/tp_10y_book.png,10,tp,1369,1.65625
inputs/tp_10y_book.png,10,tp,1370,1.5861778846153844
inputs/tp_10y_book.png,10,tp,1371,1.5097355769230767
inputs/tp_10y_book.png,10,tp,1372,1.4332932692307692
inputs/tp_10y_book.png,10,tp,1373,1.3568509615384614
inputs/tp_10y_book.png,10,tp,1374,1.2740384615384615
inputs/tp_10y_book.png,10,tp,1375,1.2549278846153846
inputs/tp_10y_book.png,10,tp,1376,1.3058894230769231
inputs/tp_10y_book.png,10,tp,1377,1.3313701923076922
inputs/tp_10y_book.png,10,tp,1378,1.3632211538461536
inputs/tp_10y_book.png,10,tp,1379,1.3950721153846153
inputs/tp_10y_book.png,10,tp,1380,1.4205528846153845
inputs/tp_10y_book.png,10,tp,1381,1.4524038461538462
inputs/tp_10y_book.png,10,tp,1382,1.4778846153846155
inputs/tp_10y_book.png,10,tp,1383,1.5033653846153845
inputs/tp_10y_book.png,10,tp,1384,1.5352163461538462
inputs/tp_10y_book.png,10,tp,1385,1.5734375
inputs/tp_10y_book.png,10,tp,1386,1.6052884615384613
inputs/tp_10y_book.png,10,tp,1387,1.6307692307692307
inputs/tp_10y_book.png,10,tp,1388,1.6626201923076922
inputs/tp_10y_book.png,10,tp,1389,1.6944711538461537
inputs/tp_10y_book.png,10,tp,1390,1.7390625
inputs/tp_10y_book.png,10,tp,1391,1.7772836538461536
inputs/tp_10y_book.png,10,tp,1392,1.8091346153846153
inputs/tp_10y_book.png,10,tp,1393,1.8473557692307692
inputs/tp_10y_book.png,10,tp,1394,1.8728365384615384
inputs/tp_10y_book.png,10,tp,1395,1.885576923076923
inputs/tp_10y_book.png,10,tp,1396,1.8919471153846155
inputs/tp_10y_book.png,10,tp,1397,1.8919471153846155
inputs/tp_10y_book.png,10,tp,1398,1.8919471153846155
inputs/tp_10y_book.png,10,tp,1399,1.8919471153846155
inputs/tp_10y_book.png,10,tp,1400,1.885576923076923
inputs/tp_10y_book.png,10,tp,1401,1.8792067307692308
inputs/tp_10y_book.png,10,tp,1402,1.8537259615384614
inputs/tp_10y_book.png,10,tp,1403,1.821875
inputs/tp_10y_book.png,10,tp,1404,1.7836538461538463
inputs/tp_10y_book.png,10,tp,1405,1.7454326923076922
inputs/tp_10y_book.png,10,tp,1406,1.7072115384615385
inputs/tp_10y_book.png,10,tp,1407,1.6753605769230768
inputs/tp_10y_book.png,10,tp,1408,1.6435096153846154
inputs/tp_10y_book.png,10,tp,1409,1.6116586538461537
inputs/tp_10y_book.png,10,tp,1410,1.5861778846153844
inputs/tp_10y_book.png,10,tp,1411,1.5798076923076922
inputs/tp_10y_book.png,10,tp,1412,1.6243990384615385
inputs/tp_10y_book.png,10,tp,1413,1.6881009615384615
inputs/tp_10y_book.png,10,tp,1414,1.7518028846153846
inputs/tp_10y_book.png,10,tp,1415,1.8091346153846153
inputs/tp_10y_book.png,10,tp,1416,1.8600961538461536
inputs/tp_10y_book.png,10,tp,1417,1.9046874999999999
inputs/tp_10y_book.png,10,tp,1418,1.9365384615384613
inputs/tp_10y_book.png,10,tp,1419,1.968389423076923
inputs/tp_10y_book.png,10,tp,1420,2.0002403846153847
inputs/tp_10y_book.png,10,tp,1421,2.0320913461538463
inputs/tp_10y_book.png,10,tp,1422,2.057572115384615
inputs/tp_10y_book.png,10,tp,1423,2.089423076923077
inputs/tp_10y_book.png,10,tp,1424,2.1403846153846153
inputs/tp_10y_book.png,10,tp,1425,2.191346153846154
inputs/tp_10y_book.png,10,tp,1426,2.2359375
inputs/tp_10y_book.png,10,tp,1427,2.2805288461538464
inputs/tp_10y_book.png,10,tp,1428,2.325120192307692
inputs/tp_10y_book.png,10,tp,1429,2.363341346153846
inputs/tp_10y_book.png,10,tp,1430,2.395192307692308
inputs/tp_10y_book.png,10,tp,1431,2.4206730769230766
inputs/tp_10y_book.png,10,tp,1432,2.4525240384615383
inputs/tp_10y_book.png,10,tp,1433,2.471634615384615
inputs/tp_10y_book.png,10,tp,1434,2.503485576923077
inputs/tp_10y_book.png,10,tp,1435,2.5225961538461537
inputs/tp_10y_book.png,10,tp,1436,2.5353365384615385
inputs/tp_10y_book.png,10,tp,1437,2.5353365384615385
inputs/tp_10y_book.png,10,tp,1438,2.5353365384615385
inputs/tp_10y_book.png,10,tp,1439,2.5353365384615385
inputs/tp_10y_book.png,10,tp,1440,2.5353365384615385
inputs/tp_10y_book.png,10,tp,1441,2.528966346153846
inputs/tp_10y_book.png,10,tp,1442,2.5225961538461537
inputs/tp_10y_book.png,10,tp,1443,2.465264423076923
inputs/tp_10y_book.png,10,tp,1444,2.382451923076923
inputs/tp_10y_book.png,10,tp,1445,2.2805288461538464
inputs/tp_10y_book.png,10,tp,1446,2.1977163461538463
inputs/tp_10y_book.png,10,tp,1447,2.1212740384615385
inputs/tp_10y_book.png,10,tp,1448,2.0384615384615383
inputs/tp_10y_book.png,10,tp,1449,1.9874999999999998
inputs/tp_10y_book.png,10,tp,1450,1.9492788461538462
inputs/tp_10y_book.png,10,tp,1451,1.9110576923076923
inputs/tp_10y_book.png,10,tp,1452,1.8792067307692308
inputs/tp_10y_book.png,10,tp,1453,1.8473557692307692
inputs/tp_10y_book.png,10,tp,1454,1.8091346153846153
inputs/tp_10y_book.png,10,tp,1455,1.7709134615384614
inputs/tp_10y_book.png,10,tp,1456,1.7135817307692307
inputs/tp_10y_book.png,10,tp,1457,1.6626201923076922
inputs/tp_10y_book.png,10,tp,1458,1.6180288461538463
inputs/tp_10y_book.png,10,tp,1459,1.5798076923076922
inputs/tp_10y_book.png,10,tp,1460,1.5288461538461537
inputs/tp_10y_book.png,10,tp,1461,1.4778846153846155
inputs/tp_10y_book.png,10,tp,1462,1.4205528846153845
inputs/tp_10y_book.png,10,tp,1463,1.3632211538461536
inputs/tp_10y_book.png,10,tp,1464,1.3186298076923078
inputs/tp_10y_book.png,10,tp,1465,1.2676682692307693
inputs/tp_10y_book.png,10,tp,1466,1.2230769230769232
inputs/tp_10y_book.png,10,tp,1467,1.2358173076923076
inputs/tp_10y_book.png,10,tp,1468,1.2740384615384615
inputs/tp_10y_book.png,10,tp,1469,1.3122596153846153
inputs/tp_10y_book.png,10,tp,1470,1.3441105769230768
inputs/tp_10y_book.png,10,tp,1471,1.350480769230769
inputs/tp_10y_book.png,10,tp,1472,1.3632211538461536
inputs/tp_10y_book.png,10,tp,1473,1.3695913461538463
inputs/tp_10y_book.png,10,tp,1474,1.3759615384615385
inputs/tp_10y_book.png,10,tp,1475,1.3823317307692309
inputs/tp_10y_book.png,10,tp,1476,1.4014423076923077
inputs/tp_10y_book.png,10,tp,1477,1.4396634615384614
inputs/tp_10y_book.png,10,tp,1478,1.471514423076923
inputs/tp_10y_book.png,10,tp,1479,1.5033653846153845
inputs/tp_10y_book.png,10,tp,1480,1.5352163461538462
inputs/tp_10y_book.png,10,tp,1481,1.5734375
inputs/tp_10y_book.png,10,tp,1482,1.598918269230769
inputs/tp_10y_book.png,10,tp,1483,1.6116586538461537
inputs/tp_10y_book.png,10,tp,1484,1.6307692307692307
inputs/tp_10y_book.png,10,tp,1485,1.6435096153846154
inputs/tp_10y_book.png,10,tp,1486,1.6626201923076922
inputs/tp_10y_book.png,10,tp,1487,1.6753605769230768
inputs/tp_10y_book.png,10,tp,1488,1.6944711538461537
inputs/tp_10y_book.png,10,tp,1489,1.7008413461538463
inputs/tp_10y_book.png,10,tp,1490,1.7072115384615385
inputs/tp_10y_book.png,10,tp,1491,1.7072115384615385
inputs/tp_10y_book.png,10,tp,1492,1.7135817307692307
inputs/tp_10y_book.png,10,tp,1493,1.7199519230769231
inputs/tp_10y_book.png,10,tp,1494,1.7199519230769231
inputs/tp_10y_book.png,10,tp,1495,1.7263221153846153
inputs/tp_10y_book.png,10,tp,1496,1.7263221153846153
inputs/tp_10y_book.png,10,tp,1497,1.7326923076923078
inputs/tp_10y_book.png,10,tp,1498,1.7263221153846153
inputs/tp_10y_book.png,10,tp,1499,1.7263221153846153
inputs/tp_10y_book.png,10,tp,1500,1.7199519230769231
inputs/tp_10y_book.png,10,tp,1501,1.7072115384615385
inputs/tp_10y_book.png,10,tp,1502,1.4906249999999999
inputs/tp_10y_book.png,10,tp,1503,1.3058894230769231
inputs/tp_10y_book.png,10,tp,1504,1.1211538461538462
inputs/tp_10y_book.png,10,tp,1505,0.9555288461538461
inputs/tp_10y_book.png,10,tp,1506,0.8727163461538461
inputs/tp_10y_book.png,10,tp,1507,0.9491586538461538
inputs/tp_10y_book.png,10,tp,1508,1.0447115384615384
inputs/tp_10y_book.png,10,tp,1509,1.1402644230769232
inputs/tp_10y_book.png,10,tp,1510,1.2549278846153846
inputs/tp_10y_book.png,10,tp,1511,1.3632211538461536
inputs/tp_10y_book.png,10,tp,1512,1.388701923076923
inputs/tp_10y_book.png,10,tp,1513,1.4141826923076923
inputs/tp_10y_book.png,10,tp,1514,1.4396634615384614
inputs/tp_10y_book.png,10,tp,1515,1.4587740384615386
inputs/tp_10y_book.png,10,tp,1516,1.4906249999999999
inputs/tp_10y_book.png,10,tp,1517,1.5224759615384613
inputs/tp_10y_book.png,10,tp,1518,1.6753605769230768
inputs/tp_10y_book.png,10,tp,1519,1.821875
inputs/tp_10y_book.png,10,tp,1520,1.9747596153846154
inputs/tp_10y_book.png,10,tp,1521,2.1467548076923078
inputs/tp_10y_book.png,10,tp,1522,2.337860576923077
inputs/tp_10y_book.png,10,tp,1523,2.363341346153846
inputs/tp_10y_book.png,10,tp,1524,2.382451923076923
inputs/tp_10y_book.png,10,tp,1525,2.395192307692308
inputs/tp_10y_book.png,10,tp,1526,2.4143028846153847
inputs/tp_10y_book.png,10,tp,1527,2.427043269230769
inputs/tp_10y_book.png,10,tp,1528,2.4461538461538463
inputs/tp_10y_book.png,10,tp,1529,2.490745192307692
inputs/tp_10y_book.png,10,tp,1530,2.5353365384615385
inputs/tp_10y_book.png,10,tp,1531,2.5799278846153846
inputs/tp_10y_book.png,10,tp,1532,2.6245192307692307
inputs/tp_10y_book.png,10,tp,1533,2.675480769230769
inputs/tp_10y_book.png,10,tp,1534,2.726442307692307
inputs/tp_10y_book.png,10,tp,1535,2.815625
inputs/tp_10y_book.png,10,tp,1536,2.9048076923076924
inputs/tp_10y_book.png,10,tp,1537,2.9939903846153846
inputs/tp_10y_book.png,10,tp,1538,3.089543269230769
inputs/tp_10y_book.png,10,tp,1539,3.197836538461538
inputs/tp_10y_book.png,10,tp,1540,3.2933894230769227
inputs/tp_10y_book.png,10,tp,1541,3.337980769230769
inputs/tp_10y_book.png,10,tp,1542,3.3825721153846153
inputs/tp_10y_book.png,10,tp,1543,3.4335336538461534
inputs/tp_10y_book.png,10,tp,1544,3.4844951923076923
inputs/tp_10y_book.png,10,tp,1545,3.535456730769231
inputs/tp_10y_book.png,10,tp,1546,3.586418269230769
inputs/tp_10y_book.png,10,tp,1547,3.6182692307692306
inputs/tp_10y_book.png,10,tp,1548,3.6564903846153842
inputs/tp_10y_book.png,10,tp,1549,3.6883413461538463
inputs/tp_10y_book.png,10,tp,1550,3.7265625
inputs/tp_10y_book.png,10,tp,1551,3.771153846153846
inputs/tp_10y_book.png,10,tp,1552,3.8030048076923073
inputs/tp_10y_book.png,10,tp,1553,3.8157451923076926
inputs/tp_10y_book.png,10,tp,1554,3.8221153846153846
inputs/tp_10y_book.png,10,tp,1555,3.828485576923077
inputs/tp_10y_book.png,10,tp,1556,3.834855769230769
inputs/tp_10y_book.png,10,tp,1557,3.8475961538461534
inputs/tp_10y_book.png,10,tp,1558,3.8539663461538463
inputs/tp_10y_book.png,10,tp,1559,3.8667067307692307
inputs/tp_10y_book.png,10,tp,1560,3.8794471153846155
inputs/tp_10y_book.png,10,tp,1561,3.8921875
inputs/tp_10y_book.png,10,tp,1562,3.911298076923077
inputs/tp_10y_book.png,10,tp,1563,3.9240384615384616
inputs/tp_10y_book.png,10,tp,1564,3.943149038461538
inputs/tp_10y_book.png,10,tp,1565,3.949519230769231
inputs/tp_10y_book.png,10,tp,1566,3.955889423076923
inputs/tp_10y_book.png,10,tp,1567,3.955889423076923
inputs/tp_10y_book.png,10,tp,1568,3.955889423076923
inputs/tp_10y_book.png,10,tp,1569,3.955889423076923
inputs/tp_10y_book.png,10,tp,1570,3.955889423076923
inputs/tp_10y_book.png,10,tp,1571,3.949519230769231
inputs/tp_10y_book.png,10,tp,1572,3.9622596153846152
inputs/tp_10y_book.png,10,tp,1573,4.025961538461538
inputs/tp_10y_book.png,10,tp,1574,4.0896634615384615
inputs/tp_10y_book.png,10,tp,1575,4.140625
inputs/tp_10y_book.png,10,tp,1576,4.153365384615385
inputs/tp_10y_book.png,10,tp,1577,4.153365384615385
inputs/tp_10y_book.png,10,tp,1578,4.159735576923077
inputs/tp_10y_book.png,10,tp,1579,4.159735576923077
inputs/tp_10y_book.png,10,tp,1580,4.153365384615385
inputs/tp_10y_book.png,10,tp,1581,4.153365384615385
inputs/tp_10y_book.png,10,tp,1582,4.146995192307693
inputs/tp_10y_book.png,10,tp,1583,4.121514423076922
inputs/tp_10y_book.png,10,tp,1584,4.083293269230769
inputs/tp_10y_book.png,10,tp,1585,4.045072115384615
inputs/tp_10y_book.png,10,tp,1586,4.006850961538461
inputs/tp_10y_book.png,10,tp,1587,3.9877403846153845
inputs/tp_10y_book.png,10,tp,1588,4.025961538461538
inputs/tp_10y_book.png,10,tp,1589,4.076923076923077
inputs/tp_10y_book.png,10,tp,1590,4.134254807692307
inputs/tp_10y_book.png,10,tp,1591,4.1915865384615385
inputs/tp_10y_book.png,10,tp,1592,4.242548076923077
inputs/tp_10y_book.png,10,tp,1593,4.280769230769231
inputs/tp_10y_book.png,10,tp,1594,4.2935096153846155
inputs/tp_10y_book.png,10,tp,1595,4.2935096153846155
inputs/tp_10y_book.png,10,tp,1596,4.2998798076923075
inputs/tp_10y_book.png,10,tp,1597,4.2998798076923075
inputs/tp_10y_book.png,10,tp,1598,4.2998798076923075
inputs/tp_10y_book.png,10,tp,1599,4.2935096153846155
inputs/tp_10y_book.png,10,tp,1600,4.287139423076923
inputs/tp_10y_book.png,10,tp,1601,4.217067307692307
inputs/tp_10y_book.png,10,tp,1602,4.102403846153846
inputs/tp_10y_book.png,10,tp,1603,3.9813701923076925
inputs/tp_10y_book.png,10,tp,1604,3.834855769230769
inputs/tp_10y_book.png,10,tp,1605,3.7074519230769227
inputs/tp_10y_book.png,10,tp,1606,3.5736778846153845
inputs/tp_10y_book.png,10,tp,1607,3.420793269230769
inputs/tp_10y_book.png,10,tp,1608,3.255168269230769
inputs/tp_10y_book.png,10,tp,1609,3.0513221153846155
inputs/tp_10y_book.png,10,tp,1610,2.834735576923077
inputs/tp_10y_book.png,10,tp,1611,2.6436298076923075
inputs/tp_10y_book.png,10,tp,1612,2.4780048076923076
inputs/tp_10y_book.png,10,tp,1613,2.4780048076923076
inputs/tp_10y_book.png,10,tp,1614,2.4780048076923076
inputs/tp_10y_book.png,10,tp,1615,2.4780048076923076
inputs/tp_10y_book.png,10,tp,1616,2.4780048076923076
inputs/tp_10y_book.png,10,tp,1617,2.471634615384615
inputs/tp_10y_book.png,10,tp,1618,2.465264423076923
inputs/tp_10y_book.png,10,tp,1619,2.4461538461538463
inputs/tp_10y_book.png,10,tp,1620,2.427043269230769
inputs/tp_10y_book.png,10,tp,1621,2.4079326923076922
inputs/tp_10y_book.png,10,tp,1622,2.382451923076923
inputs/tp_10y_book.png,10,tp,1623,2.363341346153846
inputs/tp_10y_book.png,10,tp,1624,2.344230769230769
inputs/tp_10y_book.png,10,tp,1625,2.3123798076923077
inputs/tp_10y_book.png,10,tp,1626,2.267788461538461
inputs/tp_10y_book.png,10,tp,1627,2.216826923076923
inputs/tp_10y_book.png,10,tp,1628,2.1722355769230766
inputs/tp_10y_book.png,10,tp,1629,2.127644230769231
inputs/tp_10y_book.png,10,tp,1630,2.089423076923077
inputs/tp_10y_book.png,10,tp,1631,2.012980769230769
inputs/tp_10y_book.png,10,tp,1632,1.8983173076923077
inputs/tp_10y_book.png,10,tp,1633,1.7709134615384614
inputs/tp_10y_book.png,10,tp,1634,1.65625
inputs/tp_10y_book.png,10,tp,1635,1.554326923076923
inputs/tp_10y_book.png,10,tp,1636,1.4587740384615386
inputs/tp_10y_book.png,10,tp,1637,1.4778846153846155
inputs/tp_10y_book.png,10,tp,1638,1.5415865384615386
inputs/tp_10y_book.png,10,tp,1639,1.598918269230769
inputs/tp_10y_book.png,10,tp,1640,1.6753605769230768
inputs/tp_10y_book.png,10,tp,1641,1.764543269230769
inputs/tp_10y_book.png,10,tp,1642,1.8664663461538462
inputs/tp_10y_book.png,10,tp,1643,1.9556490384615386
inputs/tp_10y_book.png,10,tp,1644,2.0320913461538463
inputs/tp_10y_book.png,10,tp,1645,2.114903846153846
inputs/tp_10y_book.png,10,tp,1646,2.1977163461538463
inputs/tp_10y_book.png,10,tp,1647,2.293269230769231
inputs/tp_10y_book.png,10,tp,1648,2.382451923076923
inputs/tp_10y_book.png,10,tp,1649,2.465264423076923
inputs/tp_10y_book.png,10,tp,1650,2.5353365384615385
inputs/tp_10y_book.png,10,tp,1651,2.6181490384615387
inputs/tp_10y_book.png,10,tp,1652,2.6818509615384616
inputs/tp_10y_book.png,10,tp,1653,2.7200721153846152
inputs/tp_10y_book.png,10,tp,1654,2.751923076923077
inputs/tp_10y_book.png,10,tp,1655,2.777403846153846
inputs/tp_10y_book.png,10,tp,1656,2.8092548076923074
inputs/tp_10y_book.png,10,tp,1657,2.841105769230769
inputs/tp_10y_book.png,10,tp,1658,2.8729567307692307
inputs/tp_10y_book.png,10,tp,1659,2.9048076923076924
inputs/tp_10y_book.png,10,tp,1660,2.9302884615384617
inputs/tp_10y_book.png,10,tp,1661,2.955769230769231
inputs/tp_10y_book.png,10,tp,1662,2.9812499999999997
inputs/tp_10y_book.png,10,tp,1663,3.006730769230769
inputs/tp_10y_book.png,10,tp,1664,3.0322115384615382
inputs/tp_10y_book.png,10,tp,1665,3.0385817307692307
inputs/tp_10y_book.png,10,tp,1666,3.0385817307692307
inputs/tp_10y_book.png,10,tp,1667,3.0449519230769226
inputs/tp_10y_book.png,10,tp,1668,3.0385817307692307
inputs/tp_10y_book.png,10,tp,1669,3.0385817307692307
inputs/tp_10y_book.png,10,tp,1670,3.0322115384615382
inputs/tp_10y_book.png,10,tp,1671,3.0258413461538463
inputs/tp_10y_book.png,10,tp,1672,2.9812499999999997
inputs/tp_10y_book.png,10,tp,1673,2.9111778846153844
inputs/tp_10y_book.png,10,tp,1674,2.8474759615384615
inputs/tp_10y_book.png,10,tp,1675,2.7901442307692306
inputs/tp_10y_book.png,10,tp,1676,2.7391826923076925
inputs/tp_10y_book.png,10,tp,1677,2.6818509615384616
inputs/tp_10y_book.png,10,tp,1678,2.65
inputs/tp_10y_book.png,10,tp,1679,2.630889423076923
inputs/tp_10y_book.png,10,tp,1680,2.6372596153846155
inputs/tp_10y_book.png,10,tp,1681,2.6627403846153843
inputs/tp_10y_book.png,10,tp,1682,2.6882211538461536
inputs/tp_10y_book.png,10,tp,1683,2.694591346153846
inputs/tp_10y_book.png,10,tp,1684,2.694591346153846
inputs/tp_10y_book.png,10,tp,1685,2.694591346153846
inputs/tp_10y_book.png,10,tp,1686,2.694591346153846
inputs/tp_10y_book.png,10,tp,1687,2.694591346153846
inputs/tp_10y_book.png,10,tp,1688,2.6882211538461536
inputs/tp_10y_book.png,10,tp,1689,2.675480769230769
inputs/tp_10y_book.png,10,tp,1690,2.4461538461538463
inputs/tp_10y_book.png,10,tp,1691,2.2104567307692307
inputs/tp_10y_book.png,10,tp,1692,2.0002403846153847
inputs/tp_10y_book.png,10,tp,1693,1.802764423076923
inputs/tp_10y_book.png,10,tp,1694,1.6116586538461537
inputs/tp_10y_book.png,10,tp,1695,1.6307692307692307
inputs/tp_10y_book.png,10,tp,1696,1.7772836538461536
inputs/tp_10y_book.png,10,tp,1697,1.9237980769230767
inputs/tp_10y_book.png,10,tp,1698,2.0830528846153844
inputs/tp_10y_book.png,10,tp,1699,2.2359375
inputs/tp_10y_book.png,10,tp,1700,2.3569711538461537
inputs/tp_10y_book.png,10,tp,1701,2.4588942307692307
inputs/tp_10y_book.png,10,tp,1702,2.5671874999999997
inputs/tp_10y_book.png,10,tp,1703,2.6818509615384616
inputs/tp_10y_book.png,10,tp,1704,2.8092548076923074
inputs/tp_10y_book.png,10,tp,1705,2.8474759615384615
inputs/tp_10y_book.png,10,tp,1706,2.8538461538461535
inputs/tp_10y_book.png,10,tp,1707,2.8538461538461535
inputs/tp_10y_book.png,10,tp,1708,2.8602163461538463
inputs/tp_10y_book.png,10,tp,1709,2.8538461538461535
inputs/tp_10y_book.png,10,tp,1710,2.8538461538461535
inputs/tp_10y_book.png,10,tp,1711,2.8474759615384615
